student_id,age,gender,study_hours_per_day,social_media_hours,netflix_hours,part_time_job,attendance_percentage,sleep_hours,diet_quality,exercise_frequency,parental_education_level,internet_quality,mental_health_rating,extracurricular_participation,exam_score
S1000,23,FEMALE,0.0,1.2,1.1,0,85.0,8.0,FAIR,6,MASTER,AVERAGE,8,1,56.2
S1001,20,FEMALE,6.9,2.8,2.3,0,97.3,4.6,GOOD,6,HIGH_SCHOOL,AVERAGE,8,0,100.0
S1002,21,MALE,1.4,3.1,1.3,0,94.8,8.0,POOR,1,HIGH_SCHOOL,POOR,1,0,34.3
S1003,23,FEMALE,1.0,3.9,1.0,0,71.0,9.2,POOR,4,MASTER,GOOD,1,1,26.8
S1004,19,FEMALE,5.0,4.4,0.5,0,90.9,4.9,FAIR,3,MASTER,GOOD,1,0,66.4
S1005,24,MALE,7.2,1.3,0.0,0,82.9,7.4,FAIR,1,MASTER,AVERAGE,4,0,100.0
S1006,21,FEMALE,5.6,1.5,1.4,1,85.8,6.5,GOOD,2,MASTER,POOR,4,0,89.8
S1007,21,FEMALE,4.3,1.0,2.0,1,77.7,4.6,FAIR,0,BACHELOR,AVERAGE,8,0,72.6
S1008,23,FEMALE,4.4,2.2,1.7,0,100.0,7.1,GOOD,3,BACHELOR,GOOD,1,0,78.9
S1009,18,FEMALE,4.8,3.1,1.3,0,95.4,7.5,GOOD,5,BACHELOR,GOOD,10,1,100.0
S1010,19,FEMALE,4.6,3.7,0.8,0,77.6,5.8,FAIR,1,HIGH_SCHOOL,GOOD,3,0,63.3
S1011,23,MALE,3.9,2.4,2.5,0,71.7,7.9,FAIR,2,BACHELOR,AVERAGE,1,0,74.4
S1012,19,FEMALE,3.7,2.1,0.4,1,81.1,4.5,FAIR,1,BACHELOR,GOOD,9,0,76.9
S1013,19,FEMALE,3.4,2.7,2.7,0,89.3,4.7,FAIR,4,BACHELOR,GOOD,10,0,75.8
S1014,24,MALE,2.4,1.5,0.7,0,87.4,6.7,POOR,6,BACHELOR,AVERAGE,9,0,78.9
S1015,21,MALE,3.1,5.0,1.0,0,97.5,6.5,GOOD,6,HIGH_SCHOOL,AVERAGE,7,0,74.0
S1016,20,MALE,1.0,0.6,0.2,0,92.9,5.6,POOR,3,HIGH_SCHOOL,POOR,8,1,55.2
S1017,24,FEMALE,3.4,2.7,1.2,0,94.7,7.5,POOR,0,HIGH_SCHOOL,AVERAGE,1,1,70.8
S1019,19,MALE,1.8,2.5,2.4,0,71.1,7.5,FAIR,1,HIGH_SCHOOL,AVERAGE,2,0,45.3
S1020,22,FEMALE,3.8,2.3,2.9,0,83.0,6.4,GOOD,3,MASTER,GOOD,1,0,58.5
S1021,21,MALE,5.6,2.1,2.4,0,95.6,7.2,FAIR,1,HIGH_SCHOOL,GOOD,3,0,82.5
S1023,24,FEMALE,1.1,4.1,1.4,1,90.0,9.0,FAIR,6,BACHELOR,GOOD,1,0,43.7
S1024,20,FEMALE,2.0,0.0,0.9,1,81.8,5.5,FAIR,4,BACHELOR,AVERAGE,2,0,54.9
S1025,22,MALE,4.9,4.3,3.3,0,74.7,9.0,FAIR,1,HIGH_SCHOOL,AVERAGE,2,1,69.9
S1026,22,MALE,2.0,0.8,0.5,0,83.8,6.5,GOOD,4,BACHELOR,POOR,4,0,73.5
S1027,18,MALE,3.2,2.2,2.8,1,88.1,4.8,FAIR,5,BACHELOR,AVERAGE,3,0,71.1
S1028,24,MALE,4.3,2.0,2.8,1,78.4,8.1,GOOD,5,HIGH_SCHOOL,POOR,3,1,82.8
S1029,20,FEMALE,2.0,3.2,3.8,1,82.6,6.7,POOR,6,HIGH_SCHOOL,POOR,10,1,75.7
S1030,21,FEMALE,3.7,0.6,1.3,0,75.6,7.5,FAIR,2,MASTER,AVERAGE,5,0,70.6
S1033,18,FEMALE,4.0,0.9,1.1,0,99.5,5.8,POOR,2,HIGH_SCHOOL,AVERAGE,5,0,70.7
S1034,22,FEMALE,1.1,2.7,0.1,0,100.0,7.7,FAIR,1,HIGH_SCHOOL,GOOD,4,0,51.2
S1035,21,FEMALE,4.2,1.7,0.0,1,84.2,6.5,GOOD,1,BACHELOR,AVERAGE,3,0,72.6
S1036,20,FEMALE,3.5,3.0,2.6,0,74.9,7.3,FAIR,3,HIGH_SCHOOL,GOOD,4,0,70.7
S1037,17,MALE,4.3,2.5,0.0,1,64.1,3.9,GOOD,0,HIGH_SCHOOL,AVERAGE,2,0,59.4
S1038,17,MALE,3.8,1.7,1.4,0,70.3,7.0,POOR,0,BACHELOR,GOOD,1,0,58.1
S1039,19,MALE,5.5,3.1,2.3,0,71.3,5.7,GOOD,1,HIGH_SCHOOL,AVERAGE,3,0,82.3
S1040,19,FEMALE,3.7,4.7,2.0,0,98.8,8.5,GOOD,6,BACHELOR,GOOD,2,0,69.7
S1041,23,FEMALE,2.9,2.3,2.3,0,86.2,7.2,GOOD,6,BACHELOR,AVERAGE,1,0,66.0
S1042,18,MALE,3.7,3.4,2.0,0,88.9,6.8,FAIR,3,HIGH_SCHOOL,POOR,1,1,63.5
S1043,24,FEMALE,4.3,0.9,3.2,0,62.8,7.1,POOR,0,BACHELOR,GOOD,2,0,65.7
S1044,20,FEMALE,3.6,1.4,0.8,0,73.0,5.3,GOOD,4,HIGH_SCHOOL,POOR,9,0,78.5
S1045,20,MALE,3.6,3.1,1.1,0,93.9,8.4,FAIR,1,BACHELOR,AVERAGE,5,1,75.1
S1046,24,MALE,2.4,4.3,1.0,0,87.9,8.9,POOR,5,HIGH_SCHOOL,AVERAGE,9,1,71.0
S1047,23,FEMALE,2.5,2.9,2.7,0,83.5,7.0,GOOD,4,HIGH_SCHOOL,GOOD,8,1,59.7
S1048,22,FEMALE,1.4,2.1,2.8,0,90.6,8.4,FAIR,3,BACHELOR,GOOD,6,0,52.6
S1049,22,FEMALE,6.1,2.5,2.3,0,100.0,5.8,POOR,5,HIGH_SCHOOL,AVERAGE,1,0,96.5
S1050,23,FEMALE,1.6,1.0,3.1,0,82.8,5.5,FAIR,4,MASTER,GOOD,10,1,62.0
S1051,22,FEMALE,2.5,3.2,0.5,0,85.7,6.5,POOR,0,HIGH_SCHOOL,AVERAGE,5,0,59.7
S1052,19,FEMALE,2.4,3.6,3.6,0,86.9,7.0,FAIR,6,HIGH_SCHOOL,AVERAGE,1,0,48.4
S1053,20,FEMALE,4.8,2.0,3.5,0,100.0,6.0,GOOD,0,BACHELOR,GOOD,7,1,70.6
S1054,23,FEMALE,3.1,1.9,2.6,1,64.0,7.1,FAIR,5,HIGH_SCHOOL,GOOD,10,0,68.1
S1055,20,MALE,5.4,2.8,3.8,0,91.8,6.9,GOOD,2,HIGH_SCHOOL,GOOD,8,0,87.2
S1056,24,MALE,2.5,2.0,0.0,0,83.9,5.3,GOOD,6,BACHELOR,AVERAGE,8,0,66.7
S1057,17,MALE,3.9,2.4,1.2,0,90.7,7.1,GOOD,1,BACHELOR,AVERAGE,7,1,75.2
S1058,19,FEMALE,2.2,5.0,1.0,0,78.4,7.5,POOR,5,MASTER,AVERAGE,2,1,46.4
S1059,21,FEMALE,6.7,2.2,2.6,0,84.5,6.7,GOOD,3,MASTER,AVERAGE,5,1,97.1
S1060,19,FEMALE,1.7,2.1,0.6,1,92.1,7.9,FAIR,1,HIGH_SCHOOL,AVERAGE,4,0,61.2
S1061,23,MALE,4.0,1.7,2.6,0,100.0,5.0,FAIR,4,BACHELOR,GOOD,5,0,75.0
S1062,21,MALE,4.5,3.4,3.3,1,93.1,7.1,GOOD,6,HIGH_SCHOOL,GOOD,10,0,94.7
S1063,17,MALE,4.1,2.3,2.6,1,76.5,5.1,FAIR,3,BACHELOR,AVERAGE,9,0,77.6
S1064,23,MALE,3.2,1.7,2.1,0,80.8,5.2,GOOD,3,HIGH_SCHOOL,POOR,4,1,68.6
S1065,18,FEMALE,3.3,4.1,0.7,0,80.5,5.7,POOR,0,MASTER,GOOD,8,0,69.6
S1066,20,MALE,3.6,4.2,0.9,0,67.0,5.4,GOOD,4,BACHELOR,AVERAGE,8,0,66.5
S1067,17,MALE,3.3,1.8,3.2,0,81.7,5.8,POOR,0,MASTER,GOOD,2,0,62.2
S1068,20,FEMALE,4.9,0.3,2.7,1,92.3,6.2,GOOD,0,BACHELOR,POOR,6,0,82.1
S1069,22,MALE,6.8,3.7,1.8,0,72.3,7.5,POOR,6,MASTER,AVERAGE,5,0,100.0
S1070,18,FEMALE,2.7,1.7,1.3,0,95.5,6.1,POOR,2,BACHELOR,GOOD,2,1,59.7
S1071,18,FEMALE,1.4,3.4,0.0,0,89.9,4.6,FAIR,0,HIGH_SCHOOL,POOR,10,1,55.1
S1072,17,MALE,3.4,0.1,0.6,0,77.7,7.9,FAIR,1,HIGH_SCHOOL,AVERAGE,4,1,77.1
S1073,18,FEMALE,7.4,3.6,3.9,0,83.6,5.5,FAIR,3,HIGH_SCHOOL,AVERAGE,7,1,97.7
S1074,21,FEMALE,2.3,1.0,0.4,0,100.0,6.4,FAIR,6,HIGH_SCHOOL,GOOD,1,0,66.9
S1075,18,FEMALE,6.0,3.4,2.0,1,92.3,7.0,FAIR,0,BACHELOR,GOOD,9,1,99.9
S1076,20,MALE,6.0,2.5,2.9,0,85.1,6.7,POOR,5,BACHELOR,AVERAGE,10,1,100.0
S1077,20,FEMALE,2.7,1.4,0.4,0,82.6,7.8,FAIR,1,BACHELOR,POOR,1,0,57.2
S1078,23,FEMALE,4.4,2.0,2.0,1,85.8,7.1,GOOD,4,MASTER,GOOD,5,0,77.3
S1079,20,MALE,5.9,3.3,2.8,1,79.9,5.5,GOOD,3,MASTER,AVERAGE,7,0,91.6
S1080,23,MALE,2.9,2.6,1.8,0,64.0,9.1,GOOD,6,HIGH_SCHOOL,GOOD,8,0,70.7
S1082,21,FEMALE,2.6,4.9,0.0,1,86.6,6.3,FAIR,6,HIGH_SCHOOL,POOR,4,0,60.2
S1083,24,MALE,2.0,0.6,3.0,0,89.0,7.7,POOR,6,HIGH_SCHOOL,GOOD,2,1,50.5
S1084,23,FEMALE,2.5,4.4,1.6,0,84.4,6.8,FAIR,5,BACHELOR,AVERAGE,4,0,51.3
S1085,19,MALE,1.7,2.6,2.6,0,77.6,7.0,GOOD,4,BACHELOR,GOOD,6,0,53.5
S1086,22,MALE,3.6,1.4,2.3,0,83.1,9.5,GOOD,5,BACHELOR,POOR,6,0,79.2
S1087,17,MALE,2.3,0.9,1.0,0,69.0,6.2,FAIR,1,MASTER,AVERAGE,2,1,47.2
S1088,20,MALE,3.9,2.3,2.1,0,100.0,6.1,POOR,6,BACHELOR,GOOD,4,0,73.4
S1089,18,MALE,1.2,3.6,0.0,0,72.7,6.6,POOR,4,HIGH_SCHOOL,AVERAGE,4,1,41.1
S1090,24,MALE,4.0,2.3,2.5,0,74.7,7.8,FAIR,6,BACHELOR,GOOD,1,0,77.8
S1091,20,FEMALE,4.8,4.3,2.1,0,80.6,4.7,FAIR,5,HIGH_SCHOOL,AVERAGE,2,0,63.4
S1092,18,MALE,0.5,0.8,2.5,1,97.9,4.1,POOR,4,HIGH_SCHOOL,GOOD,3,0,43.9
S1093,22,MALE,4.1,2.5,3.0,0,85.1,5.8,GOOD,4,HIGH_SCHOOL,GOOD,5,0,70.2
S1094,22,FEMALE,5.3,1.0,2.2,0,72.6,4.5,FAIR,0,HIGH_SCHOOL,AVERAGE,8,0,81.3
S1095,22,MALE,1.7,2.9,2.0,0,97.5,6.0,GOOD,0,HIGH_SCHOOL,GOOD,6,0,50.2
S1096,18,FEMALE,6.0,3.6,0.8,0,92.3,7.1,GOOD,0,HIGH_SCHOOL,GOOD,3,0,87.9
S1097,20,MALE,4.1,2.0,1.0,0,90.4,5.4,GOOD,5,BACHELOR,AVERAGE,6,0,80.9
S1098,22,MALE,2.4,0.0,3.1,0,92.2,4.8,GOOD,3,BACHELOR,GOOD,7,1,63.9
S1099,21,MALE,3.4,2.7,3.4,0,100.0,6.6,GOOD,1,HIGH_SCHOOL,GOOD,6,0,65.6
S1100,23,MALE,4.3,3.0,1.5,0,100.0,7.5,GOOD,5,HIGH_SCHOOL,AVERAGE,10,1,93.2
S1101,18,MALE,3.6,3.0,1.9,0,78.1,4.5,GOOD,6,BACHELOR,AVERAGE,6,0,74.0
S1102,18,MALE,4.3,4.0,0.8,0,100.0,7.5,FAIR,0,HIGH_SCHOOL,AVERAGE,1,0,60.8
S1103,20,MALE,2.1,1.2,3.1,0,88.8,7.5,GOOD,4,MASTER,AVERAGE,3,0,50.4
S1104,18,MALE,3.8,3.3,2.5,0,90.0,7.6,GOOD,5,BACHELOR,GOOD,7,0,74.3
S1105,18,MALE,1.4,3.9,3.9,1,68.1,8.0,GOOD,4,HIGH_SCHOOL,AVERAGE,4,1,32.8
S1106,22,MALE,3.3,0.4,0.8,0,83.3,9.1,GOOD,6,HIGH_SCHOOL,GOOD,4,1,82.3
S1107,20,MALE,2.1,2.9,1.4,0,76.9,6.1,FAIR,4,HIGH_SCHOOL,AVERAGE,7,0,60.4
S1108,22,FEMALE,2.4,1.9,2.1,0,93.3,6.6,POOR,4,HIGH_SCHOOL,AVERAGE,9,1,60.0
S1109,23,FEMALE,5.4,2.4,2.5,0,95.7,6.0,FAIR,2,HIGH_SCHOOL,GOOD,2,0,77.5
S1110,24,MALE,5.1,2.9,1.6,0,64.3,6.5,FAIR,3,BACHELOR,AVERAGE,9,1,86.5
S1111,23,FEMALE,4.4,1.9,0.8,0,84.8,8.3,GOOD,1,HIGH_SCHOOL,AVERAGE,3,0,76.9
S1112,24,FEMALE,1.9,1.7,2.8,0,96.2,4.9,FAIR,1,BACHELOR,POOR,6,1,43.9
S1113,22,MALE,3.0,2.5,2.6,0,83.1,5.5,FAIR,0,BACHELOR,AVERAGE,4,0,51.3
S1114,23,FEMALE,5.3,1.2,0.8,0,92.3,8.2,FAIR,2,HIGH_SCHOOL,AVERAGE,1,0,83.3
S1115,20,FEMALE,3.7,1.2,3.3,0,88.5,7.7,POOR,5,HIGH_SCHOOL,GOOD,9,0,82.7
S1116,17,MALE,7.0,3.3,3.1,0,88.4,6.1,GOOD,5,HIGH_SCHOOL,AVERAGE,6,1,94.8
S1117,22,MALE,4.1,1.1,1.9,0,82.3,7.5,GOOD,1,HIGH_SCHOOL,GOOD,8,0,80.8
S1118,24,FEMALE,3.8,3.3,1.9,0,72.8,6.9,POOR,3,BACHELOR,GOOD,2,1,58.3
S1119,21,FEMALE,3.0,3.1,2.4,1,73.8,8.3,FAIR,4,HIGH_SCHOOL,AVERAGE,7,0,66.3
S1120,24,MALE,3.7,0.4,0.9,0,92.1,6.6,FAIR,6,BACHELOR,AVERAGE,6,0,87.9
S1121,21,MALE,3.3,1.7,1.8,0,85.2,7.7,POOR,0,HIGH_SCHOOL,GOOD,2,0,60.5
S1122,18,MALE,4.6,3.9,0.0,0,83.6,9.7,POOR,3,HIGH_SCHOOL,GOOD,2,0,84.8
S1123,23,FEMALE,4.9,1.3,2.8,0,80.8,7.2,GOOD,1,BACHELOR,AVERAGE,4,0,77.0
S1124,21,FEMALE,2.3,1.9,0.1,0,81.9,6.6,FAIR,2,BACHELOR,AVERAGE,4,0,61.7
S1125,24,MALE,1.5,3.1,3.5,0,95.5,7.4,FAIR,0,HIGH_SCHOOL,AVERAGE,3,0,44.0
S1126,18,MALE,0.7,3.4,1.4,1,81.6,6.1,POOR,1,HIGH_SCHOOL,POOR,8,0,42.4
S1127,17,FEMALE,4.3,2.2,1.6,0,71.6,9.4,GOOD,5,BACHELOR,GOOD,7,0,88.0
S1128,20,MALE,1.8,1.8,1.1,0,92.4,6.7,GOOD,0,HIGH_SCHOOL,GOOD,2,0,48.7
S1129,20,MALE,0.3,4.2,1.5,0,83.0,6.2,GOOD,1,HIGH_SCHOOL,AVERAGE,3,1,26.8
S1130,20,FEMALE,4.1,4.6,3.4,0,85.3,5.5,POOR,5,BACHELOR,GOOD,10,0,81.6
S1131,21,FEMALE,7.2,3.7,0.0,0,100.0,7.8,GOOD,6,HIGH_SCHOOL,GOOD,9,0,100.0
S1132,17,FEMALE,3.5,2.6,3.2,1,84.8,7.5,FAIR,5,BACHELOR,AVERAGE,5,1,74.0
S1133,21,FEMALE,4.8,1.5,2.2,0,87.9,5.9,FAIR,4,BACHELOR,POOR,2,1,78.4
S1134,23,MALE,3.6,1.5,0.5,0,73.2,7.2,FAIR,2,BACHELOR,GOOD,3,0,70.7
S1135,21,MALE,3.4,3.1,0.6,0,82.8,4.7,FAIR,4,BACHELOR,GOOD,8,0,74.3
S1136,17,FEMALE,4.9,3.0,3.6,0,91.1,6.7,GOOD,1,BACHELOR,GOOD,4,0,67.6
S1137,17,MALE,3.1,4.2,0.8,0,69.4,7.0,GOOD,6,BACHELOR,POOR,2,0,64.7
S1138,23,MALE,3.9,3.3,0.5,0,87.0,8.5,FAIR,3,MASTER,AVERAGE,2,0,64.1
S1139,17,MALE,4.0,0.7,3.1,0,86.0,5.6,GOOD,6,HIGH_SCHOOL,POOR,6,0,83.5
S1140,24,MALE,2.5,3.8,2.2,0,85.4,5.0,GOOD,6,HIGH_SCHOOL,GOOD,8,0,63.4
S1141,17,MALE,5.0,1.3,0.8,0,95.4,5.4,GOOD,6,BACHELOR,GOOD,7,0,96.2
S1142,20,MALE,3.2,2.0,2.0,0,88.3,4.9,FAIR,4,BACHELOR,POOR,4,1,65.4
S1143,24,MALE,2.4,2.8,0.7,0,99.8,8.1,FAIR,3,HIGH_SCHOOL,GOOD,2,0,62.0
S1144,24,MALE,4.3,4.9,3.0,0,75.1,8.4,FAIR,5,MASTER,GOOD,9,1,74.0
S1146,19,FEMALE,3.5,3.2,2.4,0,85.8,8.0,POOR,2,BACHELOR,GOOD,9,0,75.5
S1147,19,FEMALE,3.5,2.3,2.2,0,74.3,6.7,FAIR,3,BACHELOR,POOR,5,1,78.1
S1148,17,FEMALE,5.1,3.1,3.7,0,94.6,6.4,FAIR,1,MASTER,GOOD,7,0,85.2
S1149,24,FEMALE,4.2,3.6,1.8,1,100.0,6.1,FAIR,3,HIGH_SCHOOL,POOR,5,0,75.4
S1150,19,MALE,3.5,2.1,0.5,1,84.8,6.1,GOOD,4,BACHELOR,AVERAGE,2,0,64.2
S1151,19,FEMALE,4.7,4.7,2.3,0,90.1,4.6,GOOD,1,HIGH_SCHOOL,GOOD,6,0,69.7
S1152,17,FEMALE,5.6,2.8,4.1,0,85.8,6.8,GOOD,4,HIGH_SCHOOL,GOOD,7,0,90.3
S1153,19,FEMALE,4.3,3.1,0.7,0,77.9,6.5,GOOD,0,HIGH_SCHOOL,AVERAGE,6,0,81.4
S1154,21,MALE,3.5,3.3,1.4,0,66.8,7.4,FAIR,1,BACHELOR,GOOD,3,0,65.0
S1155,18,MALE,1.5,3.0,2.3,0,77.9,6.6,FAIR,3,HIGH_SCHOOL,GOOD,10,0,57.3
S1156,23,MALE,1.9,3.5,1.7,1,71.1,6.3,FAIR,0,HIGH_SCHOOL,GOOD,8,0,57.7
S1157,18,MALE,3.0,1.8,0.7,0,100.0,5.5,POOR,4,BACHELOR,POOR,3,0,56.7
S1158,17,FEMALE,2.6,1.8,3.0,0,83.8,6.6,FAIR,4,BACHELOR,GOOD,5,1,62.3
S1159,20,FEMALE,3.2,1.2,4.4,0,81.5,7.4,GOOD,3,BACHELOR,AVERAGE,9,0,77.9
S1160,23,MALE,3.6,3.0,2.0,0,93.9,5.1,FAIR,0,MASTER,AVERAGE,5,0,65.2
S1162,24,FEMALE,3.4,3.0,0.1,0,77.3,6.8,FAIR,5,MASTER,AVERAGE,7,0,83.8
S1163,20,MALE,4.2,4.5,2.1,0,85.7,5.6,POOR,2,MASTER,GOOD,5,0,70.6
S1164,18,MALE,3.6,2.5,3.0,0,95.3,5.8,POOR,3,HIGH_SCHOOL,AVERAGE,2,1,63.1
S1165,17,MALE,0.5,3.3,2.3,0,90.0,6.8,FAIR,4,HIGH_SCHOOL,GOOD,5,0,39.0
S1166,24,MALE,2.1,1.2,1.8,0,87.5,5.1,FAIR,1,HIGH_SCHOOL,AVERAGE,7,0,66.7
S1167,23,MALE,3.3,2.0,1.2,1,85.8,6.9,POOR,0,HIGH_SCHOOL,GOOD,7,0,72.2
S1168,23,MALE,1.7,3.3,0.6,0,89.0,5.4,FAIR,5,BACHELOR,GOOD,4,1,50.1
S1169,22,MALE,4.4,3.5,2.7,1,87.0,7.8,FAIR,2,BACHELOR,GOOD,1,0,62.4
S1170,24,MALE,5.8,2.1,2.8,0,74.7,9.3,FAIR,1,BACHELOR,GOOD,6,0,96.6
S1171,21,FEMALE,5.3,2.4,0.1,0,85.5,5.5,GOOD,0,BACHELOR,GOOD,3,1,85.8
S1172,19,MALE,3.2,0.7,3.5,0,74.3,7.1,GOOD,5,HIGH_SCHOOL,GOOD,5,0,68.3
S1173,20,FEMALE,5.7,2.1,2.4,0,85.8,5.6,FAIR,3,MASTER,GOOD,4,1,83.8
S1174,24,MALE,3.7,3.6,3.3,1,80.2,7.7,GOOD,5,HIGH_SCHOOL,POOR,2,0,69.3
S1176,19,MALE,2.6,3.1,0.3,0,84.6,7.1,GOOD,6,HIGH_SCHOOL,AVERAGE,5,1,77.5
S1177,19,MALE,3.0,2.6,1.6,0,71.0,5.5,FAIR,0,MASTER,AVERAGE,7,1,55.0
S1179,19,FEMALE,3.8,1.7,3.8,0,90.2,5.3,GOOD,2,HIGH_SCHOOL,AVERAGE,4,0,58.1
S1180,21,FEMALE,3.7,3.3,2.6,1,100.0,7.5,FAIR,5,HIGH_SCHOOL,GOOD,5,0,69.2
S1181,23,MALE,3.5,3.0,1.5,1,79.1,5.5,GOOD,0,BACHELOR,AVERAGE,9,0,67.4
S1182,22,MALE,4.2,3.1,0.7,0,69.2,7.2,GOOD,1,MASTER,POOR,10,0,79.9
S1183,19,FEMALE,5.3,1.9,3.2,0,93.2,6.1,FAIR,1,HIGH_SCHOOL,AVERAGE,4,1,85.7
S1184,17,FEMALE,4.9,0.0,0.7,0,71.2,6.4,FAIR,5,MASTER,POOR,5,0,96.2
S1185,21,FEMALE,1.3,3.8,3.6,1,80.6,6.7,FAIR,5,BACHELOR,GOOD,5,0,40.4
S1186,18,FEMALE,0.0,1.9,1.5,0,82.4,5.6,FAIR,3,BACHELOR,AVERAGE,8,0,55.2
S1187,23,MALE,4.9,1.5,3.5,0,84.3,6.8,FAIR,0,BACHELOR,AVERAGE,4,0,73.8
S1188,23,FEMALE,1.4,3.3,2.5,0,91.9,8.3,FAIR,3,HIGH_SCHOOL,POOR,4,1,46.5
S1189,22,MALE,3.2,2.0,1.6,0,78.2,5.6,FAIR,2,HIGH_SCHOOL,AVERAGE,7,1,60.5
S1190,23,MALE,1.7,3.8,1.2,0,82.3,7.9,POOR,6,MASTER,GOOD,5,0,55.4
S1191,19,MALE,0.8,3.2,1.4,0,84.9,8.3,GOOD,1,MASTER,AVERAGE,6,0,45.1
S1192,17,FEMALE,4.3,3.3,2.3,0,86.5,5.5,POOR,4,MASTER,GOOD,6,0,69.4
S1193,23,MALE,4.6,0.9,1.9,0,86.0,4.8,GOOD,4,MASTER,GOOD,6,0,81.3
S1194,23,MALE,2.6,4.0,1.1,0,89.4,6.9,GOOD,0,HIGH_SCHOOL,GOOD,10,0,66.6
S1195,18,FEMALE,0.0,2.8,1.6,0,93.4,5.8,FAIR,0,BACHELOR,GOOD,5,0,26.7
S1196,18,MALE,2.7,2.1,1.9,0,88.9,8.7,GOOD,4,HIGH_SCHOOL,POOR,5,0,64.5
S1197,20,FEMALE,4.1,2.7,0.0,0,89.5,6.5,FAIR,0,MASTER,AVERAGE,9,1,87.1
S1198,21,MALE,1.3,0.4,2.3,1,69.2,5.5,GOOD,1,HIGH_SCHOOL,GOOD,8,1,42.2
S1199,19,FEMALE,3.8,3.0,0.7,0,85.5,5.1,FAIR,2,BACHELOR,GOOD,4,0,61.6
S1200,23,FEMALE,3.5,1.3,0.5,0,89.8,7.8,FAIR,2,BACHELOR,GOOD,7,0,81.9
S1201,24,MALE,4.4,0.9,0.0,0,92.3,5.8,FAIR,3,HIGH_SCHOOL,GOOD,8,0,96.5
S1202,23,MALE,3.7,0.7,0.0,0,78.1,6.6,FAIR,1,HIGH_SCHOOL,AVERAGE,9,0,85.1
S1203,17,MALE,2.0,3.8,0.3,0,78.4,7.6,FAIR,6,MASTER,POOR,5,0,58.5
S1204,20,MALE,5.3,1.7,1.0,0,79.3,5.9,FAIR,0,BACHELOR,GOOD,3,1,78.4
S1206,24,MALE,3.5,1.9,1.2,0,95.3,6.5,POOR,6,BACHELOR,AVERAGE,10,1,92.6
S1207,20,FEMALE,2.1,0.5,2.0,0,80.9,7.3,POOR,3,BACHELOR,GOOD,6,1,62.3
S1208,22,MALE,2.8,1.2,2.2,1,94.1,7.2,FAIR,3,HIGH_SCHOOL,AVERAGE,10,0,75.8
S1209,21,FEMALE,2.2,4.0,1.9,0,86.2,6.2,POOR,0,HIGH_SCHOOL,AVERAGE,5,1,47.1
S1210,23,FEMALE,3.2,2.3,1.7,1,83.8,6.6,POOR,0,MASTER,GOOD,9,0,66.3
S1211,23,FEMALE,6.1,1.8,0.5,0,82.9,6.1,GOOD,6,BACHELOR,GOOD,3,1,98.3
S1212,21,MALE,1.4,2.7,3.4,0,92.5,4.7,POOR,1,BACHELOR,AVERAGE,2,1,29.7
S1213,23,MALE,1.1,3.1,3.8,0,88.3,6.8,GOOD,6,BACHELOR,POOR,6,0,45.5
S1214,19,MALE,5.7,3.8,0.0,0,100.0,8.8,FAIR,3,HIGH_SCHOOL,AVERAGE,7,0,100.0
S1215,21,FEMALE,3.2,4.2,0.7,0,76.5,5.4,GOOD,6,HIGH_SCHOOL,GOOD,5,1,67.5
S1216,20,FEMALE,2.5,2.1,1.5,0,90.2,5.6,FAIR,6,HIGH_SCHOOL,AVERAGE,1,1,60.3
S1218,24,MALE,2.6,2.0,2.4,0,76.3,7.4,FAIR,1,BACHELOR,GOOD,3,0,48.5
S1219,23,FEMALE,6.2,2.8,1.0,0,84.9,7.0,FAIR,5,MASTER,GOOD,4,0,100.0
S1220,19,FEMALE,4.5,1.3,4.2,0,86.4,6.3,FAIR,0,HIGH_SCHOOL,AVERAGE,10,0,82.1
S1221,19,MALE,2.8,1.4,3.1,0,100.0,5.4,POOR,4,HIGH_SCHOOL,GOOD,6,1,63.7
S1222,22,MALE,6.7,2.9,2.0,0,83.2,6.6,GOOD,6,BACHELOR,AVERAGE,5,0,100.0
S1223,20,FEMALE,2.6,2.4,2.9,0,73.7,4.6,FAIR,4,MASTER,AVERAGE,1,0,41.9
S1224,18,FEMALE,4.6,2.5,3.0,0,87.7,6.7,FAIR,5,BACHELOR,POOR,6,0,72.7
S1225,18,FEMALE,3.9,1.6,1.2,0,64.3,7.5,GOOD,0,MASTER,AVERAGE,9,1,74.3
S1226,21,MALE,5.5,2.2,0.9,1,84.1,5.0,FAIR,3,BACHELOR,GOOD,1,0,88.7
S1227,22,FEMALE,5.8,1.4,1.9,0,85.2,4.7,GOOD,4,BACHELOR,AVERAGE,8,1,96.6
S1228,17,MALE,3.5,3.6,2.7,0,92.9,8.4,FAIR,3,HIGH_SCHOOL,AVERAGE,8,1,72.6
S1229,21,MALE,2.4,3.7,2.0,0,94.7,5.8,GOOD,4,HIGH_SCHOOL,GOOD,3,1,52.4
S1230,22,MALE,4.2,0.3,0.1,0,80.0,7.9,POOR,3,HIGH_SCHOOL,POOR,9,1,100.0
S1231,20,FEMALE,2.5,1.4,0.9,0,83.5,6.3,GOOD,6,BACHELOR,GOOD,8,0,73.1
S1232,20,FEMALE,6.5,0.7,1.7,0,77.3,6.3,GOOD,4,MASTER,AVERAGE,3,0,100.0
S1233,20,FEMALE,3.7,1.7,1.7,0,73.7,7.0,FAIR,3,MASTER,POOR,10,1,80.8
S1234,20,MALE,3.0,2.4,4.0,0,88.1,5.4,POOR,5,HIGH_SCHOOL,GOOD,5,0,62.9
S1235,20,FEMALE,3.8,0.8,0.3,0,72.3,6.7,FAIR,1,HIGH_SCHOOL,POOR,3,0,71.5
S1236,22,MALE,1.5,1.4,2.4,0,80.9,6.0,GOOD,3,HIGH_SCHOOL,GOOD,5,0,46.2
S1237,22,FEMALE,2.0,1.3,3.4,1,75.0,4.9,FAIR,1,HIGH_SCHOOL,AVERAGE,9,0,53.8
S1238,19,MALE,5.3,2.7,4.3,0,90.5,6.9,FAIR,1,BACHELOR,POOR,4,1,74.2
S1239,24,MALE,2.5,2.6,1.4,0,100.0,6.2,POOR,0,MASTER,POOR,6,0,52.5
S1240,18,MALE,1.9,1.6,2.3,0,72.0,6.3,FAIR,6,MASTER,POOR,3,0,51.2
S1241,23,MALE,4.3,2.7,2.4,1,66.5,5.0,FAIR,5,BACHELOR,POOR,3,0,60.6
S1242,20,FEMALE,5.3,1.8,2.0,0,83.8,8.4,GOOD,1,BACHELOR,GOOD,5,0,91.5
S1243,17,FEMALE,4.6,2.2,1.7,0,85.2,7.6,FAIR,2,BACHELOR,AVERAGE,8,0,87.3
S1244,23,MALE,5.0,4.5,2.3,0,87.2,7.7,GOOD,6,HIGH_SCHOOL,AVERAGE,8,0,98.0
S1245,22,FEMALE,2.4,4.1,0.0,0,80.5,6.1,FAIR,1,BACHELOR,AVERAGE,3,1,47.9
S1246,17,MALE,1.4,0.9,2.6,1,83.0,4.4,POOR,3,BACHELOR,GOOD,8,0,51.0
S1247,17,FEMALE,5.8,3.5,1.9,0,88.7,8.8,FAIR,1,BACHELOR,GOOD,8,1,90.0
S1248,17,FEMALE,3.0,3.5,1.6,0,95.4,6.4,FAIR,3,HIGH_SCHOOL,GOOD,3,0,54.1
S1249,19,FEMALE,3.1,1.1,4.1,0,65.4,5.6,GOOD,3,HIGH_SCHOOL,GOOD,10,1,58.4
S1250,22,MALE,5.5,3.5,1.1,1,81.3,7.0,GOOD,2,HIGH_SCHOOL,AVERAGE,10,0,100.0
S1251,17,FEMALE,4.3,4.3,1.4,0,87.1,7.9,FAIR,1,MASTER,AVERAGE,2,0,65.2
S1252,20,FEMALE,4.2,1.2,4.0,0,75.8,6.5,FAIR,1,HIGH_SCHOOL,GOOD,10,0,85.3
S1253,21,MALE,6.7,1.4,0.9,0,100.0,8.0,FAIR,4,BACHELOR,GOOD,2,0,93.8
S1254,17,MALE,2.5,3.7,1.2,1,78.6,7.8,GOOD,6,BACHELOR,AVERAGE,9,0,78.8
S1255,19,FEMALE,4.9,2.8,1.6,0,84.6,5.2,GOOD,4,HIGH_SCHOOL,AVERAGE,7,0,85.0
S1256,23,FEMALE,3.6,3.2,2.7,0,90.6,5.7,GOOD,0,BACHELOR,GOOD,6,0,64.5
S1257,22,FEMALE,3.9,2.9,2.0,0,79.1,7.6,FAIR,3,MASTER,GOOD,7,0,71.0
S1258,24,FEMALE,5.8,3.0,0.4,0,66.5,3.2,FAIR,2,HIGH_SCHOOL,AVERAGE,8,0,90.8
S1259,19,FEMALE,4.3,0.9,1.2,0,80.7,6.3,FAIR,4,MASTER,GOOD,1,0,72.6
S1260,17,MALE,4.3,3.8,1.1,0,95.3,4.8,FAIR,1,HIGH_SCHOOL,AVERAGE,8,0,70.9
S1261,22,MALE,5.1,3.9,1.7,1,81.6,5.9,FAIR,0,HIGH_SCHOOL,POOR,3,1,65.1
S1262,21,MALE,3.0,2.2,2.3,0,76.5,6.1,POOR,2,MASTER,AVERAGE,3,0,49.1
S1263,17,FEMALE,2.2,2.4,2.3,1,94.3,6.1,POOR,5,BACHELOR,AVERAGE,6,0,62.7
S1264,19,MALE,1.9,0.7,0.0,0,81.7,5.8,GOOD,1,MASTER,POOR,4,0,51.5
S1266,20,FEMALE,6.6,3.2,2.1,0,86.5,9.3,FAIR,5,MASTER,AVERAGE,4,1,100.0
S1267,24,FEMALE,1.8,2.4,3.3,1,92.7,8.7,FAIR,3,BACHELOR,GOOD,10,0,53.3
S1268,23,MALE,3.2,3.8,2.3,0,100.0,5.1,FAIR,3,BACHELOR,POOR,9,0,76.1
S1269,19,FEMALE,3.1,2.1,3.0,0,93.3,8.4,GOOD,4,BACHELOR,AVERAGE,8,0,85.6
S1270,22,MALE,4.0,3.2,2.3,1,96.6,6.0,GOOD,4,HIGH_SCHOOL,GOOD,3,1,63.0
S1271,24,FEMALE,4.7,1.3,3.3,1,79.9,6.7,GOOD,1,MASTER,GOOD,1,0,73.6
S1272,24,MALE,4.8,2.5,2.4,1,74.7,6.4,GOOD,6,HIGH_SCHOOL,GOOD,1,0,76.2
S1273,24,MALE,2.6,2.3,1.7,0,85.6,5.7,FAIR,1,BACHELOR,GOOD,1,1,45.5
S1274,17,FEMALE,3.2,2.8,4.3,0,86.1,7.7,FAIR,4,HIGH_SCHOOL,AVERAGE,4,1,58.6
S1275,20,MALE,3.9,2.1,2.8,0,74.2,6.7,FAIR,5,BACHELOR,AVERAGE,6,0,77.8
S1276,17,MALE,3.1,2.3,2.4,1,83.2,5.9,FAIR,4,HIGH_SCHOOL,GOOD,4,1,61.5
S1277,22,FEMALE,5.9,3.5,0.4,0,89.0,4.9,GOOD,1,HIGH_SCHOOL,GOOD,3,0,71.4
S1278,17,FEMALE,4.2,2.0,0.4,0,88.6,5.4,FAIR,2,MASTER,GOOD,8,1,93.9
S1279,18,FEMALE,4.6,0.6,2.1,0,90.0,4.5,POOR,1,HIGH_SCHOOL,GOOD,8,0,85.9
S1280,20,FEMALE,4.5,4.6,2.0,0,87.9,6.5,FAIR,2,BACHELOR,GOOD,6,0,73.8
S1281,20,FEMALE,5.3,4.2,1.1,1,79.9,5.1,GOOD,2,HIGH_SCHOOL,AVERAGE,9,0,83.3
S1282,22,MALE,3.8,0.9,2.0,1,79.9,6.2,FAIR,1,HIGH_SCHOOL,GOOD,10,0,79.7
S1283,23,MALE,1.6,3.3,3.5,1,73.0,8.1,GOOD,6,HIGH_SCHOOL,GOOD,1,0,47.1
S1284,18,MALE,4.1,1.9,2.6,0,100.0,7.9,FAIR,6,BACHELOR,GOOD,8,0,91.9
S1285,19,FEMALE,2.5,2.8,0.5,1,85.1,6.5,POOR,0,HIGH_SCHOOL,POOR,6,1,60.6
S1286,17,FEMALE,2.7,2.9,1.7,0,82.8,6.4,FAIR,4,MASTER,AVERAGE,1,0,46.6
S1287,21,MALE,4.4,2.2,0.9,0,75.7,8.8,GOOD,6,HIGH_SCHOOL,POOR,4,1,84.2
S1288,17,MALE,5.4,1.6,1.4,0,100.0,7.1,FAIR,3,HIGH_SCHOOL,AVERAGE,5,0,95.5
S1289,24,FEMALE,3.5,1.7,1.3,0,74.3,6.1,GOOD,1,HIGH_SCHOOL,GOOD,7,1,73.5
S1290,17,MALE,4.0,1.4,1.3,0,80.7,4.8,FAIR,2,HIGH_SCHOOL,POOR,8,0,75.9
S1291,19,FEMALE,6.1,1.5,0.4,0,89.2,7.0,POOR,1,BACHELOR,AVERAGE,9,0,100.0
S1292,17,FEMALE,3.9,2.4,1.7,1,91.0,7.5,GOOD,4,MASTER,AVERAGE,6,1,74.2
S1293,18,FEMALE,7.4,1.6,1.2,0,94.6,5.7,FAIR,5,BACHELOR,GOOD,10,1,100.0
S1294,18,MALE,4.3,3.3,0.0,0,100.0,6.8,FAIR,6,HIGH_SCHOOL,AVERAGE,9,0,94.9
S1295,20,FEMALE,0.9,4.3,4.1,0,90.1,6.1,GOOD,6,HIGH_SCHOOL,AVERAGE,4,0,27.6
S1296,22,FEMALE,4.6,1.8,3.0,0,74.4,6.3,FAIR,6,HIGH_SCHOOL,AVERAGE,8,0,86.2
S1297,23,FEMALE,4.1,2.8,1.4,0,82.4,3.5,GOOD,2,MASTER,AVERAGE,3,0,60.1
S1298,21,FEMALE,5.4,3.1,1.8,0,88.1,6.2,POOR,3,HIGH_SCHOOL,AVERAGE,4,1,91.3
S1299,24,FEMALE,4.5,3.1,0.5,0,100.0,7.7,FAIR,3,BACHELOR,AVERAGE,10,0,93.8
S1300,17,FEMALE,3.3,2.6,3.7,0,71.0,5.7,POOR,6,HIGH_SCHOOL,GOOD,4,1,61.6
S1301,17,MALE,1.7,3.4,3.9,1,97.0,6.6,GOOD,3,HIGH_SCHOOL,AVERAGE,6,0,41.7
S1302,19,FEMALE,3.2,3.1,2.0,0,86.8,5.6,FAIR,5,HIGH_SCHOOL,POOR,9,0,74.5
S1303,22,FEMALE,2.2,1.0,2.9,0,93.4,6.9,GOOD,6,HIGH_SCHOOL,GOOD,6,0,63.7
S1304,18,MALE,2.6,3.5,2.0,0,84.0,6.2,GOOD,0,BACHELOR,AVERAGE,1,0,39.6
S1305,21,FEMALE,4.4,3.6,0.3,0,76.6,5.4,FAIR,2,HIGH_SCHOOL,GOOD,5,1,87.5
S1306,20,FEMALE,6.0,1.6,1.3,0,92.5,8.1,FAIR,5,BACHELOR,AVERAGE,9,0,100.0
S1307,18,FEMALE,4.1,2.5,1.9,1,91.5,7.6,FAIR,2,HIGH_SCHOOL,GOOD,5,0,75.4
S1308,24,MALE,1.7,3.3,1.3,0,94.7,5.8,FAIR,6,MASTER,GOOD,6,1,61.5
S1309,22,MALE,4.2,2.2,1.6,0,84.9,7.1,FAIR,5,HIGH_SCHOOL,GOOD,3,1,73.3
S1311,23,FEMALE,2.6,5.3,1.7,1,69.4,7.3,GOOD,5,BACHELOR,AVERAGE,10,0,67.0
S1312,20,MALE,3.3,1.6,1.9,0,93.2,4.5,GOOD,6,MASTER,AVERAGE,4,0,70.1
S1313,23,FEMALE,3.5,0.8,0.6,0,89.2,7.7,GOOD,0,HIGH_SCHOOL,GOOD,4,0,84.2
S1314,19,FEMALE,2.3,2.9,1.0,0,75.3,5.8,GOOD,2,BACHELOR,GOOD,5,1,48.9
S1315,24,FEMALE,4.5,3.4,0.4,0,79.6,6.1,FAIR,5,HIGH_SCHOOL,POOR,10,0,98.8
S1316,19,FEMALE,3.3,2.2,2.9,1,80.3,9.7,GOOD,0,HIGH_SCHOOL,POOR,9,0,76.1
S1317,17,MALE,4.1,4.2,0.0,0,70.2,6.9,GOOD,1,HIGH_SCHOOL,AVERAGE,8,1,80.4
S1318,23,MALE,2.2,0.9,3.1,0,76.8,6.0,FAIR,6,HIGH_SCHOOL,POOR,7,0,64.1
S1319,22,MALE,2.8,3.3,3.3,0,73.7,3.9,GOOD,4,MASTER,AVERAGE,5,1,59.4
S1320,24,FEMALE,4.6,1.8,1.5,0,80.9,8.2,FAIR,5,HIGH_SCHOOL,POOR,9,1,94.2
S1321,21,MALE,2.9,4.6,0.0,1,77.6,4.9,GOOD,3,BACHELOR,GOOD,9,1,67.8
S1322,20,MALE,6.1,4.9,1.4,0,68.7,5.3,GOOD,0,BACHELOR,GOOD,10,0,96.1
S1323,18,MALE,2.9,1.6,1.7,0,100.0,6.1,GOOD,0,BACHELOR,GOOD,10,0,70.2
S1324,22,FEMALE,3.8,1.8,0.7,0,97.5,8.2,FAIR,5,BACHELOR,AVERAGE,2,0,84.2
S1325,22,FEMALE,4.9,3.5,1.2,0,77.2,7.4,GOOD,0,HIGH_SCHOOL,GOOD,4,0,75.4
S1326,19,MALE,1.4,2.0,3.5,0,87.7,6.3,FAIR,1,BACHELOR,GOOD,8,0,41.7
S1328,24,FEMALE,1.2,2.5,0.8,1,96.9,5.8,GOOD,4,MASTER,GOOD,5,0,50.3
S1329,24,MALE,5.4,0.2,0.0,0,76.8,6.7,FAIR,4,BACHELOR,AVERAGE,8,0,100.0
S1330,17,MALE,2.7,2.5,1.4,0,95.9,6.6,GOOD,6,MASTER,AVERAGE,2,0,52.2
S1331,17,MALE,7.3,1.7,1.6,0,79.5,7.7,FAIR,6,HIGH_SCHOOL,AVERAGE,2,1,100.0
S1332,20,MALE,2.7,1.9,2.3,0,71.6,7.7,FAIR,3,HIGH_SCHOOL,POOR,8,0,71.2
S1333,19,MALE,3.8,4.2,1.2,0,92.2,7.1,GOOD,1,HIGH_SCHOOL,GOOD,10,0,72.3
S1334,22,FEMALE,5.8,1.0,2.4,0,97.9,6.1,FAIR,4,HIGH_SCHOOL,AVERAGE,9,0,100.0
S1335,24,MALE,6.5,3.5,3.9,0,100.0,7.4,POOR,5,HIGH_SCHOOL,AVERAGE,7,1,100.0
S1336,21,FEMALE,6.6,2.2,2.7,0,73.0,6.4,GOOD,2,BACHELOR,POOR,8,1,100.0
S1337,19,MALE,5.3,2.2,1.7,0,92.0,5.2,FAIR,2,HIGH_SCHOOL,GOOD,5,0,93.1
S1338,20,FEMALE,5.0,3.4,1.6,1,80.9,6.0,GOOD,2,BACHELOR,AVERAGE,1,1,67.7
S1339,20,FEMALE,4.4,2.9,1.4,0,92.8,6.6,FAIR,6,MASTER,GOOD,4,1,77.9
S1340,19,MALE,4.7,3.2,3.1,1,70.3,7.6,FAIR,5,BACHELOR,GOOD,2,0,80.3
S1341,20,FEMALE,2.7,3.7,1.1,0,72.4,6.3,FAIR,0,HIGH_SCHOOL,AVERAGE,3,0,44.3
S1342,19,MALE,2.3,2.1,1.8,0,77.2,5.0,FAIR,5,HIGH_SCHOOL,AVERAGE,3,0,54.7
S1344,19,MALE,3.2,1.2,1.2,0,78.6,6.6,FAIR,2,HIGH_SCHOOL,POOR,10,1,81.7
S1345,23,MALE,2.8,1.5,0.3,0,91.6,6.7,FAIR,3,BACHELOR,POOR,4,0,71.6
S1348,24,FEMALE,3.6,0.9,2.4,0,100.0,5.8,POOR,2,BACHELOR,AVERAGE,3,0,72.3
S1349,23,FEMALE,5.7,0.9,1.2,0,89.2,5.8,POOR,5,BACHELOR,AVERAGE,7,0,100.0
S1350,20,MALE,1.8,3.1,3.1,0,72.8,5.3,GOOD,3,HIGH_SCHOOL,AVERAGE,8,0,54.0
S1351,17,FEMALE,3.2,3.2,0.8,0,98.6,7.3,GOOD,0,HIGH_SCHOOL,GOOD,6,0,70.4
S1352,17,MALE,2.4,3.2,3.7,0,78.9,8.2,GOOD,5,BACHELOR,GOOD,4,1,47.0
S1353,24,FEMALE,0.7,2.2,0.0,0,94.1,6.1,FAIR,2,HIGH_SCHOOL,GOOD,6,0,48.7
S1354,24,MALE,3.4,2.3,2.3,0,100.0,6.2,GOOD,1,HIGH_SCHOOL,GOOD,1,0,47.6
S1355,23,MALE,3.3,2.9,2.3,1,89.6,8.3,GOOD,2,HIGH_SCHOOL,AVERAGE,10,0,81.1
S1356,18,MALE,5.8,2.6,0.9,1,70.0,7.1,GOOD,6,HIGH_SCHOOL,AVERAGE,8,0,100.0
S1357,24,MALE,4.4,0.0,2.3,0,75.8,7.0,FAIR,2,BACHELOR,AVERAGE,1,0,81.9
S1358,17,FEMALE,2.0,2.2,3.2,0,98.2,5.1,GOOD,5,HIGH_SCHOOL,AVERAGE,5,0,56.3
S1359,19,MALE,6.3,1.5,0.0,0,83.3,7.3,GOOD,5,BACHELOR,GOOD,2,1,100.0
S1360,20,FEMALE,5.3,2.7,2.4,1,85.8,5.4,GOOD,4,HIGH_SCHOOL,GOOD,6,0,81.0
S1362,17,FEMALE,3.2,2.9,0.7,0,92.0,6.1,FAIR,5,MASTER,POOR,5,0,67.9
S1363,18,MALE,2.1,2.1,3.6,0,87.8,5.8,FAIR,5,MASTER,POOR,4,0,56.9
S1364,23,MALE,2.9,3.6,1.2,0,82.9,6.2,FAIR,1,HIGH_SCHOOL,AVERAGE,2,0,45.9
S1365,23,FEMALE,5.1,3.1,0.5,1,81.9,4.8,GOOD,1,HIGH_SCHOOL,POOR,3,0,76.0
S1366,22,MALE,6.3,3.0,1.6,0,93.6,7.7,POOR,2,HIGH_SCHOOL,AVERAGE,6,1,94.8
S1367,18,MALE,5.8,3.2,4.1,0,90.5,7.9,POOR,6,BACHELOR,GOOD,8,0,99.3
S1368,19,FEMALE,2.8,5.0,0.0,1,82.4,4.2,FAIR,3,BACHELOR,GOOD,8,0,71.0
S1369,23,FEMALE,1.8,1.1,0.6,1,95.8,7.7,POOR,6,BACHELOR,AVERAGE,5,0,70.9
S1370,20,MALE,3.7,3.1,3.4,1,83.7,5.5,FAIR,1,HIGH_SCHOOL,AVERAGE,5,1,59.8
S1371,24,MALE,0.8,1.4,3.8,1,76.5,7.5,GOOD,2,BACHELOR,AVERAGE,10,0,36.0
S1372,18,FEMALE,4.0,3.2,1.7,0,77.4,6.4,FAIR,6,HIGH_SCHOOL,GOOD,3,0,68.4
S1373,24,MALE,3.3,1.4,0.4,0,75.2,6.5,POOR,0,BACHELOR,GOOD,7,1,72.9
S1374,17,MALE,2.8,2.0,4.1,1,82.3,6.3,FAIR,4,HIGH_SCHOOL,GOOD,6,0,57.3
S1375,20,MALE,1.1,2.1,3.6,1,97.3,8.0,FAIR,6,BACHELOR,AVERAGE,1,1,50.3
S1376,20,FEMALE,4.3,3.7,2.5,0,76.9,5.0,POOR,3,HIGH_SCHOOL,GOOD,4,0,65.7
S1377,17,FEMALE,2.7,3.6,0.9,0,86.9,7.2,GOOD,2,HIGH_SCHOOL,POOR,6,1,67.9
S1378,18,MALE,1.7,1.0,1.7,0,78.4,7.8,GOOD,6,BACHELOR,GOOD,6,0,63.6
S1379,17,MALE,0.0,2.6,1.6,0,82.4,7.4,GOOD,5,HIGH_SCHOOL,AVERAGE,3,0,32.9
S1380,24,MALE,3.5,1.6,2.2,0,69.9,9.3,GOOD,0,BACHELOR,AVERAGE,6,0,67.7
S1381,22,FEMALE,6.2,1.0,3.4,0,82.8,5.9,POOR,4,BACHELOR,GOOD,10,0,100.0
S1382,20,MALE,6.0,2.2,2.8,1,83.1,7.6,GOOD,0,BACHELOR,AVERAGE,6,0,96.8
S1383,21,MALE,2.8,2.1,0.6,0,90.4,6.4,GOOD,2,HIGH_SCHOOL,POOR,9,1,71.0
S1384,21,FEMALE,2.6,5.4,3.3,0,87.2,8.0,GOOD,1,HIGH_SCHOOL,POOR,9,0,59.8
S1385,24,MALE,4.2,3.0,2.1,0,73.0,6.5,POOR,4,BACHELOR,POOR,2,0,64.2
S1386,19,FEMALE,2.0,0.8,2.6,0,95.8,6.0,GOOD,0,HIGH_SCHOOL,POOR,4,0,45.2
S1387,23,MALE,4.0,1.8,3.4,0,87.1,8.1,GOOD,1,BACHELOR,POOR,9,1,82.9
S1388,17,MALE,4.6,3.7,0.6,0,87.0,5.9,GOOD,3,HIGH_SCHOOL,AVERAGE,4,1,73.2
S1389,17,MALE,5.3,5.0,1.8,0,84.9,4.8,POOR,2,HIGH_SCHOOL,AVERAGE,8,0,79.6
S1390,19,FEMALE,3.3,0.6,1.2,1,79.8,5.9,GOOD,2,HIGH_SCHOOL,GOOD,10,0,73.0
S1391,19,FEMALE,3.2,0.2,0.1,1,87.2,7.2,GOOD,4,HIGH_SCHOOL,AVERAGE,3,0,72.6
S1392,24,FEMALE,2.2,4.7,2.2,0,89.8,8.2,GOOD,0,HIGH_SCHOOL,POOR,3,0,45.2
S1393,24,MALE,2.3,3.0,4.6,0,67.5,6.6,FAIR,3,BACHELOR,AVERAGE,9,0,51.8
S1394,19,FEMALE,3.2,1.5,0.0,0,79.6,8.1,GOOD,5,BACHELOR,GOOD,10,0,92.0
S1395,20,MALE,4.1,3.1,1.8,0,82.5,4.9,FAIR,4,HIGH_SCHOOL,GOOD,8,0,77.8
S1396,24,MALE,4.9,0.0,2.5,1,87.6,6.0,FAIR,5,MASTER,AVERAGE,1,0,97.2
S1397,22,FEMALE,2.3,2.5,1.9,1,96.9,6.2,FAIR,4,BACHELOR,GOOD,10,1,71.9
S1398,24,MALE,5.7,2.9,1.7,0,77.3,6.4,GOOD,0,MASTER,GOOD,2,1,69.1
S1399,17,MALE,3.1,3.6,0.4,0,80.0,6.6,POOR,3,BACHELOR,GOOD,3,1,59.6
S1400,24,MALE,3.5,1.3,2.1,0,79.9,7.3,FAIR,0,BACHELOR,GOOD,2,0,60.4
S1401,20,MALE,2.4,2.6,1.0,0,77.0,6.0,GOOD,2,HIGH_SCHOOL,GOOD,3,1,48.3
S1402,19,MALE,0.0,1.4,0.0,0,81.5,6.7,GOOD,5,HIGH_SCHOOL,GOOD,8,1,50.1
S1403,17,FEMALE,4.8,2.8,3.1,0,92.7,6.4,FAIR,1,HIGH_SCHOOL,GOOD,6,0,74.9
S1404,24,MALE,4.6,1.4,2.9,1,74.5,5.4,GOOD,6,BACHELOR,AVERAGE,7,1,85.6
S1405,20,FEMALE,3.1,2.0,1.9,0,89.3,6.4,GOOD,2,HIGH_SCHOOL,GOOD,10,1,65.4
S1406,22,FEMALE,3.6,1.3,2.1,0,68.0,6.3,POOR,2,BACHELOR,GOOD,10,1,82.4
S1407,24,MALE,4.3,3.3,3.0,0,79.4,6.3,FAIR,5,HIGH_SCHOOL,POOR,6,1,67.3
S1408,20,MALE,1.2,3.5,2.0,0,81.7,6.5,POOR,4,BACHELOR,GOOD,1,0,34.3
S1409,22,MALE,2.7,2.2,2.8,0,100.0,6.6,FAIR,2,HIGH_SCHOOL,AVERAGE,3,0,53.0
S1410,19,FEMALE,4.7,2.5,1.5,0,82.3,6.0,FAIR,6,HIGH_SCHOOL,AVERAGE,1,0,78.0
S1411,24,MALE,1.6,0.8,3.2,1,63.0,8.0,GOOD,3,HIGH_SCHOOL,GOOD,10,0,58.2
S1412,22,FEMALE,3.9,2.1,2.2,0,65.0,5.1,GOOD,2,HIGH_SCHOOL,AVERAGE,9,0,73.7
S1413,17,MALE,1.5,2.4,2.0,1,85.3,5.6,POOR,3,HIGH_SCHOOL,AVERAGE,9,0,60.3
S1414,19,FEMALE,4.2,5.6,0.4,0,91.1,9.8,POOR,0,BACHELOR,POOR,5,1,78.7
S1415,17,MALE,3.4,1.2,2.1,1,88.8,5.3,FAIR,4,HIGH_SCHOOL,AVERAGE,4,1,68.3
S1416,21,MALE,1.1,4.3,0.9,0,86.7,4.9,FAIR,3,HIGH_SCHOOL,AVERAGE,9,0,49.9
S1417,18,FEMALE,5.2,3.7,1.1,0,96.6,7.4,FAIR,2,BACHELOR,AVERAGE,9,1,100.0
S1418,24,FEMALE,2.4,2.8,0.9,0,79.6,4.0,GOOD,4,HIGH_SCHOOL,AVERAGE,3,1,54.7
S1419,22,MALE,2.3,4.6,0.6,0,93.9,6.2,GOOD,6,MASTER,GOOD,5,0,58.7
S1420,18,FEMALE,3.8,2.9,4.1,1,68.7,9.1,FAIR,4,MASTER,GOOD,3,0,70.8
S1421,18,FEMALE,5.2,3.0,3.3,0,76.0,4.6,GOOD,3,HIGH_SCHOOL,POOR,10,1,87.1
S1422,22,FEMALE,2.0,2.4,3.9,0,66.9,4.1,FAIR,3,HIGH_SCHOOL,GOOD,2,1,29.5
S1423,19,FEMALE,3.6,4.0,0.5,0,82.3,4.7,GOOD,1,HIGH_SCHOOL,POOR,1,0,53.2
S1424,24,MALE,4.1,3.8,1.9,1,84.5,7.6,FAIR,1,BACHELOR,POOR,10,0,73.0
S1425,21,MALE,4.5,1.7,0.4,0,86.1,7.8,POOR,4,BACHELOR,POOR,2,1,71.1
S1426,17,MALE,3.8,0.9,1.0,0,85.6,5.9,GOOD,5,BACHELOR,GOOD,8,0,80.9
S1427,20,FEMALE,2.9,2.3,0.8,1,75.7,7.3,FAIR,5,BACHELOR,GOOD,8,0,75.1
S1428,17,FEMALE,2.3,1.5,3.2,0,83.1,8.2,GOOD,1,HIGH_SCHOOL,AVERAGE,3,0,52.4
S1429,20,MALE,3.6,2.4,1.4,0,70.0,8.6,FAIR,2,BACHELOR,AVERAGE,7,0,67.6
S1430,17,MALE,1.9,4.0,3.0,0,98.6,6.2,POOR,0,BACHELOR,AVERAGE,7,1,35.7
S1431,22,FEMALE,0.0,2.0,2.5,0,82.0,3.7,POOR,4,BACHELOR,AVERAGE,2,0,29.9
S1433,24,FEMALE,4.9,2.6,0.2,0,100.0,6.0,GOOD,1,BACHELOR,AVERAGE,3,1,89.3
S1434,20,MALE,0.0,3.5,3.2,0,72.6,6.2,FAIR,3,HIGH_SCHOOL,GOOD,2,0,26.2
S1435,24,MALE,2.0,0.0,3.1,0,73.7,6.3,GOOD,6,HIGH_SCHOOL,AVERAGE,3,1,58.3
S1436,24,MALE,4.4,1.8,0.7,0,74.0,7.8,GOOD,4,HIGH_SCHOOL,GOOD,2,1,78.4
S1437,24,FEMALE,6.6,2.8,2.9,0,84.3,8.0,GOOD,1,HIGH_SCHOOL,GOOD,8,0,100.0
S1438,23,MALE,3.5,3.9,2.2,0,89.3,6.3,FAIR,2,MASTER,AVERAGE,5,1,66.8
S1439,19,FEMALE,2.4,1.9,1.5,0,92.4,7.8,GOOD,6,HIGH_SCHOOL,GOOD,3,0,63.8
S1440,17,MALE,3.2,0.2,0.9,0,100.0,6.9,FAIR,4,BACHELOR,GOOD,5,0,76.1
S1441,24,FEMALE,5.6,3.2,1.0,0,62.5,6.6,FAIR,4,BACHELOR,AVERAGE,8,0,82.7
S1442,17,FEMALE,2.5,1.7,4.1,0,91.1,7.6,POOR,5,HIGH_SCHOOL,AVERAGE,7,0,65.0
S1443,24,FEMALE,2.3,1.1,1.8,1,79.4,6.6,FAIR,3,MASTER,GOOD,6,0,66.8
S1444,20,MALE,2.8,1.8,2.7,0,79.1,9.0,POOR,4,MASTER,AVERAGE,1,1,64.9
S1445,19,MALE,2.1,2.3,0.9,0,78.8,4.8,GOOD,3,BACHELOR,POOR,10,0,63.1
S1446,19,MALE,3.7,1.8,0.9,1,75.9,5.9,FAIR,1,HIGH_SCHOOL,AVERAGE,1,0,56.3
S1447,22,FEMALE,5.9,0.0,3.0,0,100.0,6.3,FAIR,2,HIGH_SCHOOL,GOOD,1,1,93.6
S1448,23,FEMALE,4.0,3.6,0.3,0,93.4,7.0,GOOD,6,HIGH_SCHOOL,GOOD,10,1,91.9
S1449,22,FEMALE,3.1,4.0,1.3,0,85.2,8.0,FAIR,6,HIGH_SCHOOL,GOOD,8,1,74.0
S1450,22,FEMALE,3.1,3.3,1.8,0,98.5,6.5,FAIR,2,BACHELOR,AVERAGE,8,0,62.7
S1451,22,FEMALE,1.2,1.1,1.9,0,69.9,4.8,POOR,4,MASTER,POOR,7,0,58.6
S1452,22,MALE,4.8,2.3,1.6,1,71.7,7.5,GOOD,4,BACHELOR,GOOD,6,0,89.3
S1453,22,FEMALE,3.4,2.5,2.2,0,63.2,7.4,POOR,1,MASTER,GOOD,4,0,63.4
S1454,21,MALE,3.2,3.2,2.6,1,78.0,4.2,FAIR,5,BACHELOR,POOR,1,0,46.7
S1456,22,FEMALE,3.9,1.6,0.7,1,86.0,4.6,GOOD,5,MASTER,POOR,1,0,68.7
S1457,24,MALE,2.4,2.6,1.5,0,86.5,5.7,GOOD,3,HIGH_SCHOOL,GOOD,4,0,58.9
S1458,19,MALE,2.9,3.0,3.1,0,70.9,5.4,GOOD,5,MASTER,GOOD,3,0,59.0
S1459,19,FEMALE,5.2,4.2,2.8,1,93.0,7.5,POOR,2,HIGH_SCHOOL,GOOD,7,0,77.9
S1460,18,MALE,3.7,3.3,0.3,1,87.4,6.6,FAIR,6,HIGH_SCHOOL,GOOD,5,0,72.3
S1461,21,FEMALE,1.3,3.4,2.2,0,92.3,5.0,FAIR,6,MASTER,POOR,5,0,49.7
S1462,22,MALE,4.9,2.6,0.0,1,66.1,7.6,POOR,3,BACHELOR,GOOD,4,0,80.9
S1463,17,MALE,2.5,4.2,1.9,1,88.1,4.8,FAIR,1,MASTER,GOOD,1,0,44.5
S1464,20,MALE,6.3,3.0,3.9,1,73.1,6.9,FAIR,2,MASTER,AVERAGE,5,0,85.3
S1465,23,MALE,5.1,1.5,0.8,0,81.0,5.5,FAIR,6,HIGH_SCHOOL,GOOD,4,0,83.2
S1466,24,FEMALE,2.8,4.2,0.9,0,90.3,6.1,GOOD,2,BACHELOR,AVERAGE,10,0,59.7
S1467,17,MALE,5.4,3.3,2.6,0,85.9,7.1,FAIR,6,HIGH_SCHOOL,GOOD,8,0,98.1
S1468,21,FEMALE,3.6,2.0,0.1,0,76.5,7.1,GOOD,0,BACHELOR,GOOD,2,1,66.8
S1469,20,MALE,4.8,1.9,1.1,0,85.1,8.1,FAIR,1,BACHELOR,GOOD,8,1,96.1
S1470,21,FEMALE,4.2,2.9,2.5,0,69.7,6.4,FAIR,1,HIGH_SCHOOL,GOOD,1,0,60.4
S1471,24,FEMALE,2.2,3.1,1.1,0,96.5,6.9,FAIR,0,BACHELOR,POOR,4,0,33.8
S1472,19,FEMALE,2.5,2.7,1.5,0,82.9,6.0,POOR,3,BACHELOR,AVERAGE,3,0,56.1
S1473,20,MALE,5.0,2.9,2.6,0,96.2,6.7,POOR,6,HIGH_SCHOOL,AVERAGE,5,0,80.6
S1474,19,MALE,3.0,4.5,2.3,1,79.7,7.0,FAIR,6,BACHELOR,GOOD,5,0,52.6
S1475,24,MALE,2.9,3.8,2.1,0,79.8,6.4,GOOD,6,BACHELOR,GOOD,5,1,52.1
S1476,17,FEMALE,2.1,2.7,1.4,0,77.4,4.3,GOOD,5,MASTER,GOOD,4,1,39.9
S1477,24,MALE,4.1,3.6,2.2,0,93.8,6.9,POOR,5,HIGH_SCHOOL,POOR,8,0,84.0
S1478,17,FEMALE,6.6,1.3,1.7,0,77.9,6.9,GOOD,5,HIGH_SCHOOL,GOOD,3,1,97.7
S1479,20,FEMALE,1.9,3.0,2.3,0,91.4,5.7,GOOD,5,BACHELOR,GOOD,4,0,43.3
S1480,20,MALE,3.5,4.7,1.3,1,81.2,5.0,GOOD,5,HIGH_SCHOOL,GOOD,1,0,55.9
S1481,22,FEMALE,5.6,2.2,1.6,0,65.2,8.3,GOOD,0,MASTER,POOR,7,0,84.6
S1482,21,MALE,3.4,1.5,0.7,0,79.3,7.1,FAIR,1,HIGH_SCHOOL,POOR,1,0,67.0
S1483,22,MALE,4.2,1.7,1.8,0,73.2,6.2,FAIR,3,BACHELOR,POOR,2,0,76.0
S1484,21,FEMALE,1.9,1.2,0.9,0,85.3,5.1,FAIR,2,BACHELOR,GOOD,7,1,56.9
S1485,22,FEMALE,4.1,1.6,0.6,0,73.1,5.5,FAIR,5,HIGH_SCHOOL,GOOD,1,0,77.5
S1486,19,FEMALE,3.2,2.1,2.1,0,94.3,8.1,FAIR,0,HIGH_SCHOOL,GOOD,3,0,69.4
S1487,20,MALE,5.0,0.8,2.0,0,84.1,6.7,FAIR,6,BACHELOR,AVERAGE,6,1,94.6
S1488,17,MALE,5.3,2.5,2.7,1,83.2,5.8,GOOD,3,BACHELOR,AVERAGE,6,1,93.4
S1489,21,FEMALE,7.4,3.6,1.3,0,91.6,7.1,GOOD,3,HIGH_SCHOOL,GOOD,6,1,100.0
S1490,24,FEMALE,4.4,1.4,2.2,0,94.6,5.5,GOOD,3,MASTER,GOOD,2,1,63.6
S1491,21,FEMALE,4.0,4.3,2.4,0,84.8,8.3,GOOD,0,HIGH_SCHOOL,GOOD,2,0,53.0
S1492,17,MALE,3.8,3.1,2.3,0,77.3,8.1,GOOD,2,HIGH_SCHOOL,GOOD,6,0,67.8
S1493,22,FEMALE,3.0,3.7,0.9,0,67.3,5.9,POOR,5,BACHELOR,AVERAGE,10,0,73.9
S1494,21,MALE,4.0,1.7,2.0,0,78.1,5.7,FAIR,3,HIGH_SCHOOL,GOOD,5,0,66.5
S1495,23,MALE,3.1,3.5,2.2,0,78.8,3.4,FAIR,0,MASTER,GOOD,7,0,49.9
S1496,19,FEMALE,3.8,1.2,1.8,0,86.1,4.7,GOOD,6,HIGH_SCHOOL,AVERAGE,7,0,73.9
S1497,20,MALE,5.5,3.6,0.0,0,81.5,4.9,FAIR,1,HIGH_SCHOOL,AVERAGE,5,0,80.3
S1498,17,FEMALE,2.0,2.7,2.0,0,91.9,6.7,GOOD,6,HIGH_SCHOOL,AVERAGE,8,0,71.7
S1499,20,MALE,5.2,3.2,4.2,1,78.9,6.1,POOR,0,BACHELOR,POOR,10,0,83.3
S1500,23,MALE,5.5,1.1,1.4,0,84.4,4.9,FAIR,0,BACHELOR,GOOD,6,0,84.5
S1501,21,FEMALE,3.3,1.4,1.0,0,96.8,6.2,GOOD,0,BACHELOR,POOR,5,0,74.9
S1502,21,FEMALE,0.3,3.2,2.2,0,88.4,7.1,POOR,3,HIGH_SCHOOL,AVERAGE,4,1,34.0
S1503,24,FEMALE,2.6,1.4,2.1,1,84.4,7.1,FAIR,0,HIGH_SCHOOL,AVERAGE,7,0,63.0
S1504,23,FEMALE,5.4,3.1,3.1,0,79.0,4.2,FAIR,1,BACHELOR,GOOD,4,0,77.9
S1505,17,FEMALE,3.5,0.9,0.4,0,78.7,6.3,FAIR,3,HIGH_SCHOOL,AVERAGE,5,1,72.9
S1506,24,FEMALE,2.0,3.5,2.6,0,76.5,4.8,GOOD,6,MASTER,GOOD,5,0,53.2
S1507,19,FEMALE,2.7,1.0,2.4,0,79.6,7.6,FAIR,1,HIGH_SCHOOL,POOR,1,0,57.3
S1508,24,MALE,4.8,3.2,1.6,0,92.6,7.4,FAIR,4,BACHELOR,POOR,1,1,76.6
S1509,18,FEMALE,4.3,3.3,2.2,0,82.8,5.4,POOR,6,HIGH_SCHOOL,AVERAGE,3,0,64.6
S1510,17,MALE,3.1,1.7,2.9,1,71.5,5.6,GOOD,0,BACHELOR,AVERAGE,3,1,51.1
S1512,23,FEMALE,2.9,2.8,0.5,0,88.2,3.8,GOOD,5,HIGH_SCHOOL,POOR,2,1,61.6
S1513,22,MALE,2.1,1.9,2.7,1,70.9,6.9,GOOD,3,HIGH_SCHOOL,GOOD,6,0,62.5
S1514,18,FEMALE,5.9,1.3,1.7,0,80.6,6.2,FAIR,5,HIGH_SCHOOL,GOOD,1,1,87.1
S1515,19,FEMALE,3.0,0.1,1.9,0,86.1,7.7,GOOD,6,HIGH_SCHOOL,POOR,6,1,82.5
S1516,24,MALE,5.3,2.9,1.9,0,100.0,5.2,GOOD,3,BACHELOR,POOR,5,1,80.9
S1517,22,FEMALE,5.8,0.6,1.6,0,73.9,5.8,FAIR,6,BACHELOR,GOOD,6,0,100.0
S1518,24,FEMALE,5.0,2.6,3.1,0,94.8,4.7,POOR,0,BACHELOR,GOOD,5,0,79.6
S1519,18,MALE,2.9,2.2,1.7,1,99.0,5.3,GOOD,2,BACHELOR,AVERAGE,7,0,71.2
S1520,24,FEMALE,4.1,3.3,0.6,1,78.7,5.1,GOOD,2,BACHELOR,GOOD,1,0,62.7
S1521,23,MALE,3.5,2.1,1.4,0,82.2,7.7,FAIR,1,HIGH_SCHOOL,GOOD,3,0,64.2
S1522,22,FEMALE,2.1,2.1,2.0,0,74.6,5.7,FAIR,0,HIGH_SCHOOL,GOOD,6,1,44.1
S1524,18,FEMALE,1.7,2.9,2.5,0,84.6,6.0,GOOD,0,BACHELOR,AVERAGE,7,1,39.9
S1525,23,MALE,5.3,2.9,0.9,0,91.6,5.0,GOOD,4,HIGH_SCHOOL,POOR,4,0,84.1
S1526,19,FEMALE,2.8,3.1,4.5,0,95.9,6.3,FAIR,2,HIGH_SCHOOL,GOOD,3,0,40.7
S1527,18,FEMALE,3.8,0.7,2.1,0,77.5,7.2,GOOD,5,BACHELOR,GOOD,10,0,81.8
S1528,18,MALE,3.9,3.4,3.2,0,65.3,5.1,FAIR,6,HIGH_SCHOOL,AVERAGE,9,1,77.0
S1529,18,FEMALE,3.1,3.2,1.6,0,84.8,7.5,FAIR,6,MASTER,GOOD,1,0,65.7
S1530,17,MALE,4.4,1.3,2.4,0,87.9,5.5,GOOD,2,MASTER,GOOD,8,1,80.9
S1531,24,FEMALE,2.8,2.2,2.7,0,87.5,5.9,GOOD,0,HIGH_SCHOOL,GOOD,1,1,47.4
S1532,17,MALE,4.8,2.5,3.1,1,81.7,7.1,FAIR,5,HIGH_SCHOOL,GOOD,5,1,83.0
S1533,17,MALE,1.5,2.3,3.0,0,86.2,5.7,FAIR,1,HIGH_SCHOOL,GOOD,10,0,54.2
S1534,19,MALE,3.7,2.9,2.8,0,100.0,6.5,GOOD,6,BACHELOR,AVERAGE,8,0,82.5
S1535,22,FEMALE,6.4,4.2,1.5,1,88.8,6.1,FAIR,0,HIGH_SCHOOL,GOOD,6,0,85.0
S1536,24,MALE,2.0,3.8,1.2,0,81.3,6.7,GOOD,1,BACHELOR,GOOD,7,1,40.4
S1537,23,FEMALE,2.5,0.9,2.2,1,80.0,3.6,GOOD,5,BACHELOR,AVERAGE,8,0,58.9
S1538,21,MALE,4.3,3.2,2.8,0,83.3,4.3,POOR,2,HIGH_SCHOOL,POOR,6,0,67.5
S1539,18,MALE,3.8,4.1,1.6,0,100.0,7.2,GOOD,4,HIGH_SCHOOL,GOOD,6,1,81.0
S1540,23,FEMALE,4.0,3.0,3.0,0,83.2,7.7,GOOD,3,BACHELOR,AVERAGE,6,1,74.7
S1541,18,FEMALE,4.2,3.8,3.4,1,84.8,5.4,GOOD,2,HIGH_SCHOOL,GOOD,5,0,67.4
S1542,19,MALE,4.5,4.9,0.8,0,80.2,6.2,GOOD,1,BACHELOR,POOR,8,0,72.2
S1543,18,FEMALE,5.2,3.7,0.9,0,96.0,6.9,GOOD,0,HIGH_SCHOOL,POOR,2,0,77.1
S1544,17,FEMALE,4.1,2.8,1.6,0,100.0,7.3,POOR,6,BACHELOR,AVERAGE,7,0,87.9
S1545,24,FEMALE,3.1,3.8,2.1,0,89.5,4.1,FAIR,5,MASTER,AVERAGE,4,1,54.1
S1546,21,MALE,4.5,2.7,1.2,1,85.8,5.4,GOOD,2,MASTER,GOOD,1,1,62.9
S1547,20,MALE,6.3,2.5,3.3,0,85.4,6.1,FAIR,6,HIGH_SCHOOL,GOOD,5,0,95.6
S1548,18,FEMALE,3.3,2.1,2.3,0,61.2,7.3,POOR,6,HIGH_SCHOOL,POOR,3,0,67.1
S1549,23,MALE,2.0,4.4,1.8,0,92.5,9.5,GOOD,4,BACHELOR,AVERAGE,4,0,51.5
S1550,17,FEMALE,5.2,1.5,0.2,1,86.3,6.2,GOOD,5,HIGH_SCHOOL,AVERAGE,7,0,97.9
S1551,20,FEMALE,3.3,4.3,0.4,1,89.3,4.8,POOR,1,HIGH_SCHOOL,AVERAGE,5,0,67.0
S1552,21,FEMALE,0.2,3.1,2.1,1,77.9,7.0,GOOD,5,MASTER,GOOD,4,1,31.5
S1553,20,FEMALE,4.8,0.8,0.0,0,81.2,8.1,GOOD,5,HIGH_SCHOOL,AVERAGE,1,0,88.0
S1555,24,MALE,3.4,0.0,1.6,0,95.2,5.4,GOOD,3,HIGH_SCHOOL,AVERAGE,10,1,83.4
S1557,22,MALE,3.8,3.6,4.3,0,100.0,7.3,POOR,1,BACHELOR,POOR,7,1,69.9
S1558,24,MALE,4.6,1.8,1.6,0,89.3,5.3,FAIR,0,HIGH_SCHOOL,AVERAGE,1,1,60.1
S1559,22,FEMALE,2.8,2.6,1.7,0,72.2,7.0,FAIR,6,HIGH_SCHOOL,GOOD,4,0,70.3
S1560,20,FEMALE,4.3,4.8,2.9,1,83.7,7.7,FAIR,3,HIGH_SCHOOL,GOOD,9,0,79.8
S1562,23,FEMALE,4.6,1.2,0.0,0,63.1,6.4,GOOD,3,HIGH_SCHOOL,AVERAGE,6,0,91.7
S1563,23,MALE,4.4,4.3,0.0,1,100.0,6.1,FAIR,3,MASTER,AVERAGE,2,0,70.1
S1564,20,MALE,2.1,4.9,1.1,0,92.0,8.0,GOOD,3,HIGH_SCHOOL,AVERAGE,4,0,61.5
S1565,18,FEMALE,5.1,2.5,2.4,0,90.3,5.0,POOR,0,MASTER,GOOD,6,0,79.3
S1566,18,MALE,2.7,3.7,2.3,0,86.7,7.0,POOR,5,HIGH_SCHOOL,GOOD,4,1,63.9
S1567,24,MALE,4.7,4.1,3.0,0,71.2,4.9,GOOD,3,BACHELOR,POOR,10,1,93.1
S1568,23,MALE,4.1,1.6,0.5,0,80.2,7.8,POOR,5,HIGH_SCHOOL,POOR,7,1,89.8
S1569,23,MALE,6.3,1.9,0.0,0,93.4,6.2,FAIR,6,HIGH_SCHOOL,GOOD,3,1,100.0
S1570,22,MALE,3.2,4.0,2.7,0,74.5,8.0,GOOD,6,MASTER,GOOD,6,1,61.8
S1571,19,MALE,3.0,4.5,0.9,0,59.7,7.1,FAIR,1,MASTER,GOOD,4,1,51.5
S1572,17,MALE,3.5,3.2,0.0,0,82.7,5.0,GOOD,4,HIGH_SCHOOL,GOOD,3,0,60.4
S1573,18,MALE,3.0,1.4,2.0,0,83.6,8.2,FAIR,5,BACHELOR,GOOD,3,0,67.2
S1575,22,MALE,1.1,1.9,1.7,0,92.3,7.6,FAIR,4,MASTER,GOOD,3,1,48.3
S1576,21,MALE,1.9,2.1,1.3,0,91.4,5.6,FAIR,3,HIGH_SCHOOL,GOOD,10,0,61.7
S1577,22,FEMALE,1.9,2.9,1.6,1,87.6,6.1,FAIR,4,BACHELOR,GOOD,1,1,44.4
S1578,18,MALE,4.9,4.4,1.4,1,97.0,6.7,FAIR,4,HIGH_SCHOOL,AVERAGE,3,0,77.2
S1579,18,FEMALE,6.1,3.5,0.3,1,69.8,5.7,GOOD,3,HIGH_SCHOOL,AVERAGE,9,1,100.0
S1580,22,FEMALE,3.3,3.0,1.0,0,90.0,8.5,GOOD,5,MASTER,AVERAGE,4,0,73.0
S1581,17,MALE,3.2,3.1,2.4,0,91.3,6.7,FAIR,3,HIGH_SCHOOL,AVERAGE,3,0,68.5
S1582,20,MALE,3.6,2.6,2.2,0,72.6,3.3,FAIR,1,HIGH_SCHOOL,GOOD,8,0,61.0
S1583,18,FEMALE,5.2,3.2,2.0,0,70.0,6.9,FAIR,2,BACHELOR,POOR,1,1,70.5
S1584,22,FEMALE,2.1,0.0,0.7,0,77.5,6.1,GOOD,0,BACHELOR,AVERAGE,5,0,52.5
S1585,23,MALE,3.9,2.1,1.6,0,78.4,6.4,GOOD,3,HIGH_SCHOOL,GOOD,1,0,62.8
S1586,22,FEMALE,5.0,2.8,0.0,1,92.5,6.1,FAIR,3,HIGH_SCHOOL,POOR,7,1,83.5
S1587,19,MALE,4.3,1.1,2.0,0,78.9,7.5,GOOD,4,MASTER,AVERAGE,5,0,71.4
S1589,21,MALE,5.0,2.3,0.2,0,78.9,6.8,POOR,6,BACHELOR,GOOD,1,0,75.4
S1590,17,FEMALE,0.0,4.6,1.2,0,96.2,6.1,POOR,6,BACHELOR,AVERAGE,7,0,42.0
S1591,24,FEMALE,4.5,4.4,2.2,0,85.1,6.5,FAIR,4,HIGH_SCHOOL,GOOD,1,0,64.0
S1592,21,FEMALE,2.5,1.9,3.2,1,83.2,6.5,FAIR,5,MASTER,AVERAGE,3,0,60.1
S1593,20,FEMALE,0.8,2.3,1.3,1,83.9,5.5,POOR,3,BACHELOR,GOOD,6,0,34.7
S1594,20,MALE,4.3,2.4,1.0,1,97.9,7.2,GOOD,3,HIGH_SCHOOL,AVERAGE,6,0,88.0
S1595,20,MALE,5.6,2.0,0.0,0,77.5,7.1,FAIR,4,BACHELOR,AVERAGE,7,0,100.0
S1596,21,MALE,3.3,2.7,1.9,0,98.2,8.3,FAIR,3,BACHELOR,POOR,1,0,66.1
S1597,23,MALE,4.9,1.6,4.0,0,87.1,8.0,FAIR,5,BACHELOR,POOR,7,0,95.5
S1598,20,FEMALE,5.9,1.1,2.1,1,83.4,5.7,POOR,2,MASTER,AVERAGE,2,1,86.4
S1599,22,MALE,5.5,3.2,1.8,0,100.0,7.5,FAIR,0,HIGH_SCHOOL,POOR,6,0,77.3
S1600,21,MALE,6.0,3.3,2.2,0,74.4,5.4,FAIR,0,HIGH_SCHOOL,AVERAGE,8,1,90.2
S1602,20,FEMALE,3.6,3.6,0.9,0,72.7,5.9,POOR,2,HIGH_SCHOOL,AVERAGE,10,1,72.9
S1603,22,FEMALE,1.1,1.7,2.7,0,94.5,5.3,FAIR,3,HIGH_SCHOOL,AVERAGE,3,0,35.8
S1605,19,MALE,2.2,3.5,1.8,0,100.0,3.3,GOOD,6,BACHELOR,GOOD,8,0,67.6
S1606,23,MALE,6.8,2.5,0.7,0,97.2,4.4,GOOD,1,BACHELOR,POOR,4,0,93.1
S1607,24,FEMALE,3.2,3.0,3.2,0,83.0,6.3,POOR,3,BACHELOR,AVERAGE,8,1,57.5
S1608,20,FEMALE,3.7,1.9,2.5,0,81.3,6.6,FAIR,2,BACHELOR,GOOD,5,1,61.1
S1609,24,MALE,4.3,2.3,1.2,0,68.3,6.1,POOR,5,HIGH_SCHOOL,POOR,5,0,77.4
S1610,21,FEMALE,3.6,2.3,2.9,0,100.0,4.6,FAIR,2,MASTER,GOOD,3,0,69.6
S1611,18,MALE,6.0,1.6,1.3,0,89.7,5.5,FAIR,6,HIGH_SCHOOL,POOR,7,0,100.0
S1612,20,MALE,2.6,2.3,0.9,0,80.1,7.0,FAIR,0,MASTER,GOOD,9,0,69.3
S1613,18,FEMALE,3.8,0.6,1.0,0,98.3,7.2,FAIR,3,BACHELOR,AVERAGE,9,0,85.7
S1614,22,FEMALE,2.4,1.9,0.0,0,75.3,6.5,GOOD,6,HIGH_SCHOOL,GOOD,1,0,53.9
S1615,19,FEMALE,1.5,2.2,2.3,0,89.1,7.9,FAIR,0,BACHELOR,AVERAGE,1,0,43.7
S1616,17,MALE,2.6,2.2,0.0,0,83.3,7.0,FAIR,1,BACHELOR,GOOD,10,0,79.3
S1617,24,FEMALE,3.4,2.2,0.4,0,91.4,5.6,FAIR,5,HIGH_SCHOOL,POOR,5,0,71.3
S1618,23,MALE,2.9,2.4,0.0,0,84.4,6.2,GOOD,0,BACHELOR,AVERAGE,1,1,61.4
S1619,19,MALE,2.5,3.1,1.7,0,70.5,4.8,GOOD,1,HIGH_SCHOOL,GOOD,4,0,45.1
S1620,20,FEMALE,1.4,3.5,1.6,0,85.8,6.4,FAIR,2,HIGH_SCHOOL,AVERAGE,1,0,39.8
S1621,18,FEMALE,3.4,1.7,1.4,0,95.5,7.8,GOOD,0,MASTER,GOOD,2,0,70.7
S1622,23,FEMALE,1.2,1.1,0.7,0,84.7,7.3,FAIR,0,BACHELOR,AVERAGE,2,1,35.6
S1623,18,FEMALE,4.6,1.2,0.5,0,92.8,8.2,GOOD,4,MASTER,GOOD,4,0,93.0
S1624,21,FEMALE,3.6,1.9,2.3,0,74.5,6.1,GOOD,5,BACHELOR,AVERAGE,8,1,83.2
S1625,18,FEMALE,1.3,2.1,1.2,0,84.7,8.1,POOR,5,HIGH_SCHOOL,GOOD,2,1,46.6
S1626,21,MALE,3.0,1.6,2.1,0,78.8,6.3,GOOD,6,BACHELOR,GOOD,9,1,70.8
S1627,22,MALE,2.4,0.9,0.8,0,92.5,8.3,FAIR,2,BACHELOR,AVERAGE,9,0,78.3
S1628,23,MALE,4.0,2.0,2.0,0,85.3,6.5,FAIR,4,MASTER,GOOD,2,1,70.7
S1629,23,MALE,5.5,2.7,3.2,1,91.9,7.3,FAIR,6,HIGH_SCHOOL,GOOD,1,0,82.6
S1630,17,FEMALE,0.7,3.2,2.4,0,95.9,8.3,GOOD,1,MASTER,AVERAGE,10,1,50.3
S1631,20,FEMALE,3.7,1.8,1.3,0,91.9,6.3,FAIR,6,MASTER,GOOD,10,0,80.9
S1632,21,MALE,3.3,2.0,2.1,0,87.7,6.8,POOR,1,BACHELOR,POOR,9,1,75.4
S1633,17,MALE,4.5,1.4,1.5,0,75.0,8.0,GOOD,2,MASTER,GOOD,2,1,83.7
S1634,18,FEMALE,3.8,2.5,1.8,0,85.0,6.3,POOR,5,HIGH_SCHOOL,AVERAGE,8,0,76.8
S1635,18,MALE,2.4,1.5,1.4,0,79.7,4.9,POOR,1,MASTER,POOR,3,0,45.8
S1636,17,FEMALE,3.0,3.2,1.6,0,81.6,9.1,FAIR,2,BACHELOR,AVERAGE,1,1,58.4
S1637,23,FEMALE,2.3,0.4,2.0,0,81.3,5.9,FAIR,6,HIGH_SCHOOL,GOOD,1,1,70.3
S1638,18,FEMALE,5.1,2.1,0.7,1,75.2,6.7,FAIR,1,MASTER,GOOD,10,1,99.4
S1639,24,FEMALE,3.5,2.9,0.7,0,65.4,7.9,POOR,3,HIGH_SCHOOL,GOOD,2,0,62.9
S1640,22,FEMALE,6.4,2.7,0.3,1,78.3,5.8,GOOD,0,HIGH_SCHOOL,AVERAGE,7,0,98.0
S1642,24,FEMALE,2.4,2.9,0.5,0,71.5,6.8,FAIR,5,HIGH_SCHOOL,GOOD,2,1,50.4
S1643,17,FEMALE,1.2,1.3,2.0,0,85.2,4.3,FAIR,6,HIGH_SCHOOL,GOOD,4,0,49.4
S1644,24,MALE,0.8,2.4,0.8,0,100.0,6.2,FAIR,3,BACHELOR,AVERAGE,2,1,35.3
S1645,21,FEMALE,1.1,0.4,2.4,1,95.2,6.8,GOOD,2,HIGH_SCHOOL,AVERAGE,1,1,46.3
S1646,21,FEMALE,3.9,2.4,1.8,0,100.0,6.2,POOR,2,HIGH_SCHOOL,AVERAGE,3,0,68.4
S1647,17,FEMALE,4.3,1.5,0.0,0,88.9,4.6,POOR,6,HIGH_SCHOOL,AVERAGE,4,0,84.2
S1648,24,FEMALE,1.1,3.6,2.5,0,96.7,8.4,GOOD,3,HIGH_SCHOOL,GOOD,10,1,54.6
S1649,21,FEMALE,4.8,1.8,2.7,0,77.8,6.6,FAIR,6,BACHELOR,AVERAGE,5,0,88.0
S1650,23,FEMALE,2.8,2.4,0.7,0,78.6,8.2,FAIR,0,BACHELOR,GOOD,5,0,61.5
S1652,23,FEMALE,5.9,4.6,0.9,0,96.9,5.4,GOOD,4,BACHELOR,AVERAGE,10,0,100.0
S1653,21,FEMALE,4.8,2.1,1.9,0,100.0,6.8,FAIR,1,HIGH_SCHOOL,GOOD,8,0,82.6
S1654,22,FEMALE,3.1,4.7,0.4,0,79.5,6.2,GOOD,4,MASTER,GOOD,9,0,71.5
S1655,21,FEMALE,2.2,3.5,0.0,0,82.5,5.1,POOR,0,BACHELOR,AVERAGE,7,0,57.6
S1656,23,MALE,0.3,3.1,1.4,1,77.5,8.3,GOOD,3,BACHELOR,GOOD,5,0,36.1
S1657,19,FEMALE,2.4,2.9,1.7,0,88.8,5.8,FAIR,1,BACHELOR,AVERAGE,9,1,67.4
S1658,20,FEMALE,3.2,3.0,1.4,1,96.2,4.3,GOOD,3,MASTER,GOOD,8,0,74.8
S1659,18,MALE,2.0,0.2,0.5,0,67.6,8.1,GOOD,4,BACHELOR,AVERAGE,10,1,73.6
S1660,24,FEMALE,3.3,2.2,1.4,0,89.1,5.9,GOOD,2,HIGH_SCHOOL,GOOD,9,1,79.5
S1661,19,MALE,3.6,3.5,2.1,0,82.2,5.8,GOOD,3,BACHELOR,POOR,10,0,62.5
S1662,21,MALE,3.2,2.4,1.8,0,86.1,4.4,FAIR,4,HIGH_SCHOOL,AVERAGE,8,1,76.3
S1663,22,FEMALE,2.5,0.8,2.0,0,89.6,8.6,FAIR,4,HIGH_SCHOOL,GOOD,6,0,75.6
S1664,17,MALE,3.8,2.4,1.1,0,83.1,5.0,FAIR,4,HIGH_SCHOOL,GOOD,4,0,64.4
S1665,21,FEMALE,4.2,4.5,3.1,0,84.0,6.6,GOOD,2,HIGH_SCHOOL,AVERAGE,9,0,75.3
S1666,22,FEMALE,1.9,4.0,0.5,1,82.9,7.6,GOOD,2,HIGH_SCHOOL,AVERAGE,9,1,50.4
S1667,20,FEMALE,5.6,2.4,2.3,0,94.7,7.0,FAIR,6,HIGH_SCHOOL,AVERAGE,10,1,100.0
S1668,21,MALE,3.4,3.6,3.1,0,89.2,6.4,GOOD,2,BACHELOR,GOOD,10,0,76.4
S1669,23,MALE,3.5,2.1,2.3,0,87.2,4.5,GOOD,1,BACHELOR,GOOD,9,0,69.9
S1670,17,FEMALE,4.6,0.5,1.6,0,72.3,5.5,GOOD,2,MASTER,GOOD,10,1,88.9
S1672,22,FEMALE,4.9,4.4,2.9,0,94.0,5.6,FAIR,2,BACHELOR,GOOD,3,0,69.4
S1673,22,MALE,3.9,2.2,0.2,0,85.4,6.7,POOR,3,MASTER,AVERAGE,6,1,84.9
S1674,20,FEMALE,2.6,2.2,0.7,0,91.6,7.3,POOR,2,HIGH_SCHOOL,POOR,6,0,63.6
S1675,21,FEMALE,4.0,2.1,1.4,0,100.0,7.7,FAIR,1,BACHELOR,GOOD,6,0,82.2
S1676,20,FEMALE,1.8,4.8,3.2,0,95.4,5.0,GOOD,4,BACHELOR,GOOD,5,0,37.4
S1677,24,MALE,3.7,4.5,2.2,0,85.9,9.1,GOOD,3,HIGH_SCHOOL,GOOD,5,0,73.8
S1678,18,FEMALE,3.5,5.2,0.7,1,79.9,7.4,GOOD,0,MASTER,GOOD,2,1,53.4
S1679,18,FEMALE,3.2,2.3,1.5,0,59.5,6.5,GOOD,2,BACHELOR,GOOD,7,0,64.2
S1681,21,MALE,0.7,0.7,1.0,0,81.7,9.3,POOR,6,HIGH_SCHOOL,AVERAGE,3,0,51.5
S1682,23,FEMALE,2.7,4.3,2.9,0,88.9,4.8,POOR,4,HIGH_SCHOOL,AVERAGE,8,0,53.4
S1683,20,FEMALE,3.6,1.1,0.3,1,83.5,6.2,FAIR,4,HIGH_SCHOOL,GOOD,4,0,77.2
S1684,17,MALE,3.7,2.8,3.6,0,81.8,3.6,FAIR,3,BACHELOR,GOOD,4,1,59.8
S1685,22,FEMALE,2.0,1.2,2.7,0,67.2,6.7,POOR,6,BACHELOR,AVERAGE,8,0,55.4
S1686,22,FEMALE,5.4,1.8,3.0,1,75.6,6.9,FAIR,0,HIGH_SCHOOL,AVERAGE,1,0,69.9
S1687,21,MALE,2.2,1.5,1.3,1,89.8,6.5,POOR,5,MASTER,AVERAGE,9,0,71.6
S1688,23,MALE,5.0,1.8,1.6,0,100.0,5.7,GOOD,6,HIGH_SCHOOL,POOR,7,0,92.9
S1689,18,FEMALE,4.1,1.9,0.2,0,84.0,4.0,FAIR,6,HIGH_SCHOOL,GOOD,2,0,72.4
S1690,18,MALE,2.5,1.8,1.2,1,88.3,6.9,FAIR,1,HIGH_SCHOOL,AVERAGE,6,0,70.5
S1691,22,FEMALE,6.2,3.5,2.3,0,94.5,8.2,FAIR,5,BACHELOR,GOOD,8,0,100.0
S1692,21,MALE,1.7,1.2,3.2,0,76.9,5.8,GOOD,4,HIGH_SCHOOL,AVERAGE,5,1,37.4
S1693,20,FEMALE,4.9,2.8,0.6,0,88.7,7.0,FAIR,5,HIGH_SCHOOL,AVERAGE,6,0,88.7
S1694,18,MALE,5.0,4.0,1.4,0,77.6,4.6,FAIR,6,HIGH_SCHOOL,POOR,10,0,88.6
S1695,20,FEMALE,2.5,1.9,1.6,0,93.6,7.0,GOOD,4,BACHELOR,GOOD,8,0,68.5
S1698,18,FEMALE,3.9,3.9,1.0,0,77.2,5.6,FAIR,4,HIGH_SCHOOL,POOR,9,0,71.5
S1699,19,MALE,3.9,2.7,1.6,0,92.1,6.0,FAIR,3,BACHELOR,AVERAGE,9,0,77.8
S1700,18,FEMALE,3.3,1.9,1.3,0,100.0,7.0,POOR,0,BACHELOR,POOR,6,1,67.7
S1701,24,MALE,4.7,3.1,0.9,0,74.9,4.9,GOOD,4,HIGH_SCHOOL,AVERAGE,9,1,96.4
S1702,17,MALE,4.7,1.2,1.8,0,81.6,6.0,FAIR,1,MASTER,GOOD,3,0,83.1
S1703,24,MALE,0.9,3.3,1.6,1,87.3,6.5,POOR,6,BACHELOR,GOOD,5,0,37.9
S1704,21,FEMALE,5.5,3.0,1.4,0,92.9,5.2,FAIR,6,HIGH_SCHOOL,GOOD,2,1,76.3
S1705,21,FEMALE,1.0,2.1,1.0,0,79.4,8.7,FAIR,1,BACHELOR,AVERAGE,8,1,52.6
S1707,24,MALE,5.2,1.4,3.6,0,98.6,5.7,GOOD,4,BACHELOR,AVERAGE,6,0,92.0
S1708,24,MALE,1.9,3.1,2.0,0,92.6,5.3,GOOD,4,HIGH_SCHOOL,POOR,6,0,53.2
S1710,23,MALE,1.8,1.7,0.3,0,78.9,7.2,FAIR,5,HIGH_SCHOOL,GOOD,1,0,58.1
S1711,18,MALE,3.2,3.1,2.0,0,100.0,5.4,GOOD,4,HIGH_SCHOOL,AVERAGE,7,0,70.9
S1712,17,MALE,3.0,0.0,0.6,1,99.5,7.8,FAIR,4,BACHELOR,AVERAGE,10,0,98.7
S1713,20,FEMALE,4.7,1.8,0.2,1,94.4,6.7,FAIR,1,BACHELOR,GOOD,8,0,83.3
S1714,24,FEMALE,5.5,2.5,1.0,0,83.2,6.8,FAIR,0,BACHELOR,GOOD,1,1,80.6
S1715,24,MALE,5.6,1.4,3.1,0,85.8,6.1,GOOD,0,MASTER,GOOD,10,0,91.3
S1716,19,MALE,2.7,1.4,2.8,0,83.7,5.6,GOOD,2,HIGH_SCHOOL,AVERAGE,7,1,63.5
S1717,20,FEMALE,3.2,1.7,2.1,1,96.3,6.9,GOOD,1,MASTER,AVERAGE,4,1,66.3
S1718,24,FEMALE,1.0,2.9,0.1,0,76.2,5.8,POOR,4,BACHELOR,GOOD,6,0,49.9
S1719,20,MALE,2.3,2.3,1.6,1,76.9,8.7,FAIR,0,HIGH_SCHOOL,GOOD,9,0,68.9
S1720,18,FEMALE,4.9,0.0,2.1,1,95.1,5.0,GOOD,3,BACHELOR,AVERAGE,5,0,94.2
S1721,19,MALE,5.9,0.0,2.0,1,84.6,8.3,POOR,3,HIGH_SCHOOL,GOOD,8,0,100.0
S1722,20,MALE,1.6,1.8,0.0,0,98.8,6.4,GOOD,3,BACHELOR,GOOD,5,0,58.6
S1723,17,FEMALE,2.6,3.0,0.8,0,78.3,6.9,GOOD,4,BACHELOR,AVERAGE,2,0,53.2
S1724,17,MALE,3.5,0.0,1.7,0,84.5,7.5,POOR,4,HIGH_SCHOOL,AVERAGE,4,1,70.5
S1725,21,FEMALE,3.9,1.9,2.4,0,75.8,5.7,GOOD,2,BACHELOR,AVERAGE,2,0,64.0
S1726,19,MALE,2.3,1.9,0.0,1,85.1,7.5,FAIR,6,BACHELOR,POOR,7,1,77.4
S1727,19,MALE,4.1,4.2,1.6,0,70.2,3.3,GOOD,2,HIGH_SCHOOL,GOOD,7,0,57.4
S1729,20,MALE,3.5,3.0,2.7,0,70.6,5.4,FAIR,5,HIGH_SCHOOL,GOOD,7,0,66.7
S1730,19,FEMALE,4.3,2.7,2.6,1,91.9,5.0,GOOD,3,BACHELOR,GOOD,1,0,58.4
S1731,17,MALE,3.5,0.0,2.4,0,92.2,6.2,GOOD,4,MASTER,POOR,1,0,63.6
S1732,17,MALE,2.8,3.4,0.9,0,67.7,7.0,POOR,3,MASTER,AVERAGE,9,0,62.6
S1733,24,MALE,3.3,2.8,0.0,0,98.3,7.3,FAIR,2,BACHELOR,GOOD,6,0,70.6
S1734,18,FEMALE,3.4,3.1,1.4,0,100.0,6.8,POOR,4,BACHELOR,GOOD,5,0,75.2
S1736,20,FEMALE,3.1,0.0,3.3,0,78.6,6.9,FAIR,0,BACHELOR,AVERAGE,6,0,72.8
S1737,21,MALE,5.9,4.6,2.6,1,100.0,6.6,FAIR,0,HIGH_SCHOOL,AVERAGE,1,1,72.7
S1739,20,MALE,3.1,2.8,2.2,0,85.2,7.4,POOR,6,BACHELOR,GOOD,9,1,74.1
S1740,23,FEMALE,4.5,2.4,1.2,1,86.8,6.5,POOR,3,HIGH_SCHOOL,AVERAGE,4,1,79.0
S1741,22,FEMALE,3.0,2.0,1.7,0,98.5,5.4,POOR,1,BACHELOR,GOOD,3,0,51.3
S1742,18,FEMALE,5.3,1.8,3.6,0,88.6,5.7,FAIR,4,BACHELOR,AVERAGE,1,1,71.0
S1743,21,FEMALE,4.1,2.9,0.8,1,80.0,5.8,GOOD,6,HIGH_SCHOOL,GOOD,2,1,76.4
S1744,19,FEMALE,3.3,0.7,3.6,0,75.5,6.1,POOR,3,HIGH_SCHOOL,GOOD,3,1,52.6
S1745,18,FEMALE,4.2,3.4,1.4,0,81.6,6.8,GOOD,2,MASTER,AVERAGE,4,0,74.0
S1746,19,MALE,1.1,2.0,3.3,0,74.9,7.4,GOOD,3,BACHELOR,GOOD,7,0,42.6
S1747,23,MALE,1.8,1.1,0.3,0,85.5,6.4,GOOD,2,HIGH_SCHOOL,AVERAGE,6,0,49.8
S1748,17,FEMALE,1.7,2.0,2.4,0,79.4,6.5,GOOD,5,HIGH_SCHOOL,AVERAGE,8,0,45.7
S1749,18,FEMALE,3.7,4.0,1.0,0,70.1,6.7,GOOD,0,BACHELOR,POOR,9,1,77.2
S1750,24,FEMALE,6.1,1.9,0.2,0,97.6,5.9,POOR,6,BACHELOR,POOR,6,0,98.5
S1751,21,FEMALE,6.8,2.9,2.0,0,80.0,5.4,FAIR,0,HIGH_SCHOOL,AVERAGE,7,0,96.2
S1752,18,MALE,4.5,1.6,2.9,1,72.3,4.4,GOOD,3,HIGH_SCHOOL,GOOD,4,1,71.3
S1753,18,MALE,4.3,3.4,0.9,0,83.3,5.7,FAIR,1,MASTER,GOOD,2,0,59.2
S1754,18,FEMALE,0.8,3.3,0.2,0,85.7,7.1,GOOD,4,BACHELOR,POOR,9,0,51.8
S1755,22,MALE,2.7,4.7,1.7,1,67.5,5.7,POOR,2,MASTER,GOOD,9,0,59.3
S1756,18,MALE,2.3,2.3,1.7,0,88.3,6.2,GOOD,4,BACHELOR,GOOD,4,0,58.5
S1757,19,FEMALE,2.6,3.3,2.4,0,74.5,7.1,FAIR,0,MASTER,GOOD,3,1,44.5
S1758,17,MALE,3.2,2.6,2.8,0,100.0,7.1,FAIR,1,HIGH_SCHOOL,GOOD,10,1,75.4
S1759,23,FEMALE,2.8,4.1,1.7,1,90.2,5.2,FAIR,1,BACHELOR,AVERAGE,6,1,54.9
S1760,20,MALE,0.5,1.6,3.8,1,81.0,7.7,GOOD,4,HIGH_SCHOOL,AVERAGE,3,1,30.2
S1761,18,FEMALE,4.6,3.4,2.0,0,77.5,7.9,GOOD,0,BACHELOR,GOOD,1,1,71.8
S1762,21,MALE,1.9,2.3,1.4,0,84.0,5.1,FAIR,4,HIGH_SCHOOL,POOR,4,0,51.8
S1763,18,MALE,3.9,2.4,0.0,1,91.1,5.5,GOOD,3,HIGH_SCHOOL,POOR,1,1,59.5
S1764,21,MALE,6.6,2.6,1.5,0,84.7,7.9,FAIR,1,MASTER,POOR,2,0,96.6
S1765,19,MALE,2.1,2.8,1.4,1,82.8,6.3,POOR,1,MASTER,AVERAGE,3,0,44.1
S1766,21,MALE,0.0,2.4,2.9,0,85.6,3.8,POOR,3,HIGH_SCHOOL,AVERAGE,8,0,30.5
S1767,24,MALE,3.1,2.8,2.3,0,79.0,4.8,POOR,0,BACHELOR,AVERAGE,10,0,63.7
S1768,20,FEMALE,5.2,4.4,0.5,0,81.6,6.2,FAIR,1,HIGH_SCHOOL,POOR,4,0,74.0
S1769,17,MALE,6.4,3.7,2.0,0,64.1,5.1,FAIR,6,HIGH_SCHOOL,GOOD,4,0,98.8
S1770,21,FEMALE,1.7,3.5,2.5,0,94.7,6.0,GOOD,5,BACHELOR,GOOD,10,0,53.0
S1771,21,FEMALE,4.2,2.0,3.5,0,88.0,6.5,GOOD,5,HIGH_SCHOOL,AVERAGE,9,0,84.6
S1772,17,FEMALE,2.8,1.4,2.8,0,77.3,8.3,POOR,5,MASTER,POOR,7,0,73.0
S1773,20,MALE,3.3,3.6,2.6,0,100.0,6.2,FAIR,2,HIGH_SCHOOL,POOR,2,1,57.1
S1774,18,FEMALE,7.5,3.6,1.9,1,85.9,7.8,FAIR,6,BACHELOR,AVERAGE,3,0,100.0
S1775,21,MALE,1.2,4.3,2.2,0,74.6,8.2,FAIR,2,BACHELOR,AVERAGE,4,0,36.2
S1776,17,MALE,3.9,1.8,3.2,0,93.6,8.2,POOR,0,HIGH_SCHOOL,AVERAGE,4,0,65.6
S1778,24,MALE,5.1,0.5,1.4,0,88.9,4.1,GOOD,4,BACHELOR,AVERAGE,8,0,100.0
S1779,19,FEMALE,3.6,2.0,1.0,1,80.7,7.1,GOOD,6,BACHELOR,AVERAGE,10,0,85.6
S1780,17,FEMALE,4.0,3.7,2.2,0,89.5,7.8,POOR,0,HIGH_SCHOOL,AVERAGE,10,1,89.4
S1781,19,FEMALE,2.9,1.9,3.2,0,82.4,6.4,FAIR,4,BACHELOR,GOOD,6,0,66.9
S1782,24,FEMALE,3.9,3.3,1.1,1,90.6,8.6,FAIR,0,HIGH_SCHOOL,GOOD,3,0,56.0
S1783,20,MALE,3.0,2.3,0.0,0,66.0,7.5,GOOD,2,HIGH_SCHOOL,GOOD,9,0,77.9
S1784,18,MALE,4.4,2.9,1.3,0,80.7,7.2,FAIR,5,HIGH_SCHOOL,GOOD,10,0,91.3
S1785,17,FEMALE,2.9,1.1,2.8,0,100.0,7.8,POOR,3,HIGH_SCHOOL,AVERAGE,8,0,68.4
S1786,23,MALE,4.1,2.6,2.4,0,77.3,6.9,GOOD,2,BACHELOR,AVERAGE,9,0,85.3
S1787,24,MALE,3.5,0.0,2.3,0,79.0,3.5,FAIR,3,BACHELOR,GOOD,5,1,64.4
S1788,24,MALE,5.2,2.3,1.5,0,80.5,5.9,FAIR,6,MASTER,POOR,3,0,82.8
S1789,23,MALE,3.4,0.5,0.4,0,72.9,7.9,FAIR,4,BACHELOR,GOOD,4,0,78.0
S1790,22,MALE,0.8,3.9,2.4,0,62.9,5.5,FAIR,0,MASTER,GOOD,5,0,31.5
S1791,24,MALE,5.4,3.4,0.9,0,82.7,6.2,FAIR,1,BACHELOR,GOOD,9,0,92.3
S1792,21,FEMALE,2.1,3.1,4.2,0,86.4,5.2,FAIR,1,BACHELOR,POOR,9,1,50.1
S1793,20,FEMALE,2.5,4.3,2.4,0,84.5,8.6,FAIR,3,MASTER,GOOD,3,0,49.4
S1794,17,FEMALE,2.6,1.4,1.2,0,83.6,8.5,POOR,5,BACHELOR,AVERAGE,7,0,80.3
S1795,23,MALE,5.6,4.6,1.1,0,85.4,5.4,GOOD,5,HIGH_SCHOOL,POOR,6,1,89.7
S1796,21,MALE,0.3,3.6,1.7,0,95.2,6.7,POOR,3,BACHELOR,AVERAGE,4,1,33.6
S1798,17,FEMALE,5.1,3.9,3.0,0,79.3,7.2,GOOD,1,BACHELOR,AVERAGE,10,0,90.6
S1799,19,FEMALE,3.8,1.2,2.0,0,82.2,7.1,GOOD,2,BACHELOR,AVERAGE,2,1,66.3
S1800,17,MALE,3.4,1.5,1.0,0,90.8,7.5,GOOD,4,BACHELOR,POOR,7,1,86.1
S1801,22,FEMALE,3.9,1.8,3.9,0,99.1,6.9,FAIR,1,MASTER,GOOD,4,0,65.5
S1803,17,FEMALE,4.5,1.2,2.6,0,86.0,5.3,GOOD,0,BACHELOR,GOOD,6,1,76.3
S1804,22,FEMALE,4.3,4.0,1.1,1,88.4,4.4,GOOD,2,HIGH_SCHOOL,AVERAGE,2,1,59.0
S1805,20,FEMALE,3.6,2.2,2.2,0,75.1,6.0,FAIR,3,BACHELOR,AVERAGE,10,1,76.1
S1806,24,FEMALE,3.2,2.9,2.1,0,85.2,4.6,GOOD,1,BACHELOR,GOOD,2,1,40.3
S1807,17,FEMALE,3.3,1.8,0.0,0,70.3,4.7,POOR,2,HIGH_SCHOOL,AVERAGE,7,1,65.2
S1808,22,MALE,3.2,0.3,4.0,1,67.3,5.3,GOOD,3,HIGH_SCHOOL,GOOD,1,0,43.9
S1809,21,FEMALE,5.2,2.8,3.2,0,88.7,5.4,GOOD,0,BACHELOR,GOOD,7,1,89.5
S1810,19,MALE,4.4,0.2,1.4,0,81.2,5.4,GOOD,1,HIGH_SCHOOL,AVERAGE,10,0,80.7
S1811,19,FEMALE,0.0,2.4,0.6,1,87.0,7.1,GOOD,4,HIGH_SCHOOL,AVERAGE,5,0,53.0
S1812,17,FEMALE,4.5,0.9,2.2,0,84.8,5.9,GOOD,0,BACHELOR,GOOD,1,0,70.6
S1813,20,FEMALE,3.8,4.9,1.9,0,75.2,6.3,POOR,5,HIGH_SCHOOL,AVERAGE,6,0,65.5
S1814,20,MALE,3.5,3.6,2.2,0,84.5,7.6,FAIR,3,HIGH_SCHOOL,AVERAGE,7,0,75.1
S1815,21,FEMALE,2.9,2.6,2.0,0,72.7,5.6,POOR,1,MASTER,GOOD,1,0,43.5
S1816,17,FEMALE,5.2,4.0,2.4,0,98.9,6.2,FAIR,1,HIGH_SCHOOL,AVERAGE,9,0,80.6
S1817,19,FEMALE,4.9,1.5,3.4,0,71.4,6.9,GOOD,6,HIGH_SCHOOL,GOOD,7,1,88.2
S1818,20,MALE,2.3,3.2,2.4,0,83.0,4.2,FAIR,6,BACHELOR,POOR,1,1,48.5
S1819,17,MALE,4.1,2.7,0.6,0,74.6,3.6,FAIR,0,BACHELOR,GOOD,3,0,67.3
S1820,23,MALE,2.0,2.8,3.3,0,90.7,6.9,FAIR,1,MASTER,POOR,5,0,50.7
S1821,20,MALE,1.4,4.0,3.6,0,81.7,7.1,GOOD,3,MASTER,POOR,4,0,35.4
S1823,23,MALE,4.8,2.8,0.6,0,93.5,6.7,FAIR,4,HIGH_SCHOOL,GOOD,1,0,85.4
S1825,20,MALE,4.3,1.3,0.0,1,90.2,6.3,GOOD,0,HIGH_SCHOOL,AVERAGE,7,0,90.4
S1826,19,MALE,4.6,2.4,2.4,0,75.2,6.9,POOR,4,HIGH_SCHOOL,GOOD,4,0,87.8
S1827,18,FEMALE,4.3,2.6,1.2,0,71.0,8.5,GOOD,5,BACHELOR,AVERAGE,9,0,87.5
S1828,23,FEMALE,2.5,1.1,3.9,0,86.1,4.0,FAIR,6,BACHELOR,GOOD,8,0,58.2
S1829,24,FEMALE,4.1,5.4,0.9,0,81.8,7.0,POOR,3,HIGH_SCHOOL,GOOD,8,1,73.2
S1830,21,FEMALE,4.7,4.3,0.0,0,91.3,9.1,GOOD,5,BACHELOR,GOOD,5,0,83.5
S1831,21,FEMALE,4.6,3.2,1.3,0,84.2,6.8,POOR,5,HIGH_SCHOOL,AVERAGE,1,1,77.6
S1832,19,MALE,5.3,2.6,0.0,1,87.1,8.5,FAIR,5,HIGH_SCHOOL,AVERAGE,9,1,98.4
S1835,20,FEMALE,5.1,2.6,1.8,0,83.4,6.5,FAIR,6,HIGH_SCHOOL,AVERAGE,10,0,100.0
S1836,19,MALE,3.5,2.8,0.0,0,92.0,3.8,FAIR,5,HIGH_SCHOOL,POOR,5,1,58.7
S1837,21,FEMALE,2.2,1.0,1.4,0,76.6,5.1,POOR,2,HIGH_SCHOOL,POOR,10,0,62.6
S1838,20,MALE,3.3,2.9,3.6,0,88.1,5.2,FAIR,4,BACHELOR,AVERAGE,8,1,60.3
S1839,21,MALE,2.4,2.3,2.2,0,72.0,7.5,GOOD,6,MASTER,AVERAGE,3,0,63.9
S1840,23,MALE,2.5,0.2,0.9,1,89.5,7.5,GOOD,3,HIGH_SCHOOL,GOOD,6,1,80.0
S1841,24,MALE,3.3,1.5,1.8,1,81.4,6.9,FAIR,5,HIGH_SCHOOL,AVERAGE,6,0,62.6
S1842,17,FEMALE,2.3,2.0,1.8,0,85.3,7.5,FAIR,1,BACHELOR,AVERAGE,10,0,71.4
S1843,23,FEMALE,3.0,4.8,2.3,1,92.0,6.3,FAIR,4,MASTER,POOR,3,0,60.6
S1844,21,FEMALE,0.7,3.2,0.3,1,72.7,7.9,FAIR,2,HIGH_SCHOOL,GOOD,7,1,47.2
S1845,21,MALE,3.8,0.9,2.5,0,78.2,6.5,POOR,6,HIGH_SCHOOL,AVERAGE,4,1,78.1
S1846,18,MALE,3.5,3.1,0.0,0,89.6,6.6,FAIR,3,BACHELOR,GOOD,5,1,75.5
S1847,18,MALE,2.3,0.6,1.1,0,100.0,6.2,FAIR,0,BACHELOR,GOOD,9,0,73.5
S1849,22,MALE,4.9,1.9,2.5,0,90.9,6.0,FAIR,3,BACHELOR,AVERAGE,10,0,98.7
S1850,23,FEMALE,1.1,2.4,1.8,0,83.9,7.7,GOOD,5,HIGH_SCHOOL,AVERAGE,4,1,49.2
S1851,18,FEMALE,2.4,4.1,0.3,0,100.0,5.1,POOR,5,BACHELOR,GOOD,8,0,67.4
S1852,21,MALE,2.3,1.0,0.7,0,67.5,5.2,GOOD,6,BACHELOR,GOOD,9,0,72.5
S1853,19,FEMALE,2.1,0.8,2.0,0,85.9,7.3,GOOD,6,MASTER,GOOD,10,1,68.4
S1854,23,FEMALE,4.7,1.8,1.7,0,68.7,6.4,FAIR,2,HIGH_SCHOOL,AVERAGE,5,0,70.0
S1855,21,FEMALE,3.2,3.7,1.2,0,59.9,6.0,FAIR,6,HIGH_SCHOOL,GOOD,2,0,56.1
S1856,19,FEMALE,3.1,0.7,1.3,1,88.0,7.6,FAIR,2,HIGH_SCHOOL,POOR,6,1,81.5
S1857,19,MALE,0.5,0.0,2.6,1,86.4,5.8,POOR,5,MASTER,POOR,8,1,45.0
S1858,18,MALE,4.5,2.0,1.2,1,82.2,6.3,FAIR,5,HIGH_SCHOOL,GOOD,5,1,84.4
S1859,23,FEMALE,1.6,3.2,1.7,0,83.9,8.2,GOOD,1,HIGH_SCHOOL,GOOD,1,0,36.8
S1860,20,FEMALE,3.6,3.9,4.2,0,100.0,8.3,POOR,1,HIGH_SCHOOL,POOR,8,1,65.6
S1861,17,MALE,3.9,1.9,0.2,0,82.4,8.4,FAIR,4,BACHELOR,POOR,9,1,93.5
S1862,18,FEMALE,5.5,2.0,0.0,0,90.1,6.2,GOOD,5,HIGH_SCHOOL,POOR,1,0,93.7
S1863,18,FEMALE,1.5,3.9,2.7,0,78.5,8.0,GOOD,0,HIGH_SCHOOL,POOR,8,1,42.3
S1864,20,FEMALE,0.0,0.3,1.1,1,88.0,5.4,FAIR,1,HIGH_SCHOOL,AVERAGE,10,1,53.3
S1865,17,MALE,3.8,2.0,1.4,0,82.6,5.4,GOOD,2,MASTER,GOOD,2,0,65.9
S1866,21,FEMALE,6.2,2.7,0.9,0,80.9,3.7,FAIR,3,BACHELOR,GOOD,4,1,87.9
S1867,22,FEMALE,5.4,3.0,1.5,0,100.0,8.5,POOR,6,BACHELOR,GOOD,2,0,94.5
S1868,23,MALE,3.8,1.9,3.6,0,96.8,5.5,FAIR,6,MASTER,GOOD,2,0,77.8
S1869,22,MALE,2.8,2.5,2.7,1,86.4,6.3,FAIR,4,MASTER,AVERAGE,10,0,74.6
S1871,24,MALE,2.0,1.7,0.2,1,81.4,7.3,POOR,3,MASTER,GOOD,8,1,66.5
S1872,18,FEMALE,4.2,3.0,0.5,0,100.0,6.0,FAIR,3,HIGH_SCHOOL,AVERAGE,4,0,78.4
S1873,17,FEMALE,4.3,1.3,0.0,0,82.7,4.9,FAIR,1,HIGH_SCHOOL,GOOD,7,0,84.9
S1874,18,MALE,5.1,2.6,0.9,0,96.0,7.0,FAIR,0,MASTER,AVERAGE,10,0,96.6
S1876,18,MALE,4.1,2.1,2.4,0,87.2,5.5,FAIR,4,HIGH_SCHOOL,GOOD,10,0,83.1
S1877,18,FEMALE,2.7,2.7,1.6,0,76.6,4.0,GOOD,0,HIGH_SCHOOL,AVERAGE,3,0,36.9
S1878,21,MALE,3.5,1.3,1.8,1,60.6,4.8,FAIR,4,BACHELOR,GOOD,2,0,60.0
S1879,21,FEMALE,0.8,2.3,1.0,0,91.8,6.7,FAIR,2,HIGH_SCHOOL,POOR,6,0,44.3
S1880,21,MALE,2.5,3.2,2.0,0,76.9,4.1,FAIR,1,BACHELOR,GOOD,6,0,41.6
S1881,22,MALE,2.9,2.7,2.6,1,86.8,4.7,FAIR,3,MASTER,AVERAGE,1,0,45.5
S1883,24,MALE,3.7,2.8,2.1,0,82.3,5.8,GOOD,6,HIGH_SCHOOL,AVERAGE,4,0,75.5
S1884,24,FEMALE,2.3,3.4,2.8,0,85.3,8.9,GOOD,0,MASTER,GOOD,3,0,40.9
S1885,21,MALE,5.2,0.0,1.3,0,87.7,8.7,FAIR,6,HIGH_SCHOOL,POOR,8,0,100.0
S1886,17,FEMALE,3.5,3.9,2.6,0,73.9,5.5,FAIR,4,HIGH_SCHOOL,GOOD,2,1,65.6
S1889,17,MALE,3.7,3.9,2.2,1,68.3,5.8,FAIR,0,HIGH_SCHOOL,GOOD,8,0,66.6
S1890,23,MALE,4.7,0.9,1.0,1,83.9,4.7,FAIR,5,HIGH_SCHOOL,AVERAGE,3,0,84.5
S1891,23,MALE,2.2,1.6,2.0,1,85.3,6.5,GOOD,5,HIGH_SCHOOL,AVERAGE,4,1,65.6
S1892,17,MALE,2.5,2.2,2.3,0,86.6,6.3,FAIR,0,HIGH_SCHOOL,GOOD,2,0,46.8
S1893,21,FEMALE,3.0,1.6,2.0,0,98.6,6.0,GOOD,5,BACHELOR,GOOD,2,0,67.7
S1894,20,MALE,1.5,4.6,0.7,1,82.6,7.0,GOOD,1,BACHELOR,GOOD,4,1,45.4
S1895,20,FEMALE,2.3,1.5,2.0,0,83.8,5.6,FAIR,3,BACHELOR,AVERAGE,6,0,57.0
S1896,22,MALE,2.8,1.8,3.4,1,74.0,5.1,GOOD,6,HIGH_SCHOOL,AVERAGE,5,0,58.4
S1897,20,MALE,4.8,2.7,2.3,0,93.2,6.6,GOOD,1,HIGH_SCHOOL,GOOD,1,1,70.8
S1898,23,FEMALE,3.9,1.1,2.9,0,86.8,7.0,FAIR,1,MASTER,AVERAGE,10,0,75.7
S1899,19,FEMALE,3.8,2.0,1.5,0,80.8,5.1,POOR,0,HIGH_SCHOOL,AVERAGE,1,0,55.7
S1900,21,MALE,4.8,2.9,2.6,0,66.0,7.6,POOR,0,MASTER,AVERAGE,6,1,82.1
S1901,20,MALE,3.3,2.1,2.1,0,99.4,4.4,FAIR,6,HIGH_SCHOOL,GOOD,3,1,71.4
S1902,22,MALE,4.1,2.4,0.8,0,72.7,5.8,FAIR,3,MASTER,GOOD,3,0,66.7
S1903,23,FEMALE,3.3,1.9,2.2,0,79.1,6.2,FAIR,4,HIGH_SCHOOL,AVERAGE,7,0,70.9
S1904,19,FEMALE,3.9,0.7,0.7,1,88.6,5.7,POOR,1,HIGH_SCHOOL,POOR,1,1,73.0
S1905,18,MALE,2.6,2.9,1.1,1,73.0,5.8,GOOD,5,BACHELOR,POOR,1,1,53.9
S1906,18,FEMALE,0.0,4.6,2.0,1,70.1,8.7,FAIR,3,BACHELOR,AVERAGE,10,0,43.4
S1907,19,FEMALE,3.3,2.5,2.1,0,63.8,5.5,FAIR,1,HIGH_SCHOOL,AVERAGE,3,0,55.4
S1908,23,FEMALE,5.6,2.8,0.5,1,92.2,9.4,FAIR,4,BACHELOR,GOOD,8,0,100.0
S1909,22,FEMALE,4.9,3.3,3.0,0,79.5,7.0,FAIR,5,BACHELOR,AVERAGE,1,0,71.8
S1910,19,MALE,4.9,1.0,2.4,0,100.0,6.6,FAIR,1,HIGH_SCHOOL,AVERAGE,10,0,89.2
S1911,21,MALE,5.4,4.5,1.0,0,75.1,7.1,FAIR,2,HIGH_SCHOOL,GOOD,4,0,83.9
S1912,21,MALE,3.6,2.7,0.1,0,75.8,9.5,POOR,6,HIGH_SCHOOL,AVERAGE,9,0,89.1
S1913,18,MALE,3.8,4.5,1.6,1,79.3,5.3,GOOD,3,HIGH_SCHOOL,GOOD,4,0,53.5
S1914,20,FEMALE,2.6,1.6,1.3,1,87.4,5.2,GOOD,6,BACHELOR,POOR,10,0,72.9
S1915,22,FEMALE,3.0,4.7,1.9,0,80.3,5.6,FAIR,0,HIGH_SCHOOL,AVERAGE,8,0,61.0
S1916,18,MALE,4.4,3.4,1.4,0,91.1,6.5,GOOD,1,HIGH_SCHOOL,GOOD,7,0,69.1
S1917,20,MALE,5.3,3.2,0.0,0,75.2,4.4,GOOD,5,HIGH_SCHOOL,GOOD,3,0,77.2
S1918,20,MALE,3.3,2.8,1.4,1,71.2,6.5,POOR,5,BACHELOR,AVERAGE,7,0,71.9
S1919,24,FEMALE,2.8,2.2,1.5,0,67.0,8.5,GOOD,3,HIGH_SCHOOL,GOOD,7,1,74.7
S1920,21,MALE,3.5,3.9,2.5,1,62.8,6.7,GOOD,3,HIGH_SCHOOL,GOOD,10,0,74.5
S1921,23,FEMALE,4.4,2.7,1.0,0,79.8,6.1,FAIR,6,HIGH_SCHOOL,AVERAGE,3,0,85.4
S1922,17,MALE,1.3,0.1,3.6,0,82.0,5.8,POOR,5,MASTER,AVERAGE,2,1,44.3
S1923,23,MALE,0.1,1.2,0.0,0,78.7,7.6,POOR,5,HIGH_SCHOOL,GOOD,9,0,53.4
S1926,21,MALE,2.7,2.4,2.7,0,81.7,8.8,FAIR,5,HIGH_SCHOOL,GOOD,4,1,58.8
S1927,20,FEMALE,3.3,4.0,1.9,0,67.1,6.8,GOOD,0,BACHELOR,GOOD,2,0,43.5
S1928,22,FEMALE,2.8,0.2,3.1,0,79.3,6.5,GOOD,5,HIGH_SCHOOL,AVERAGE,2,0,65.6
S1929,17,FEMALE,5.7,2.7,1.4,0,79.0,7.7,GOOD,0,MASTER,AVERAGE,8,1,89.8
S1930,23,MALE,4.0,0.3,0.6,0,78.4,7.8,GOOD,1,MASTER,GOOD,7,0,89.5
S1931,20,FEMALE,4.0,3.4,3.4,1,78.0,5.5,POOR,3,BACHELOR,AVERAGE,7,1,68.8
S1932,17,FEMALE,4.4,2.4,1.7,0,78.5,5.9,FAIR,0,BACHELOR,AVERAGE,5,0,76.8
S1933,17,FEMALE,1.8,3.0,2.0,0,81.1,4.9,GOOD,1,HIGH_SCHOOL,AVERAGE,10,0,47.5
S1934,24,MALE,5.1,1.5,3.2,0,78.6,7.0,POOR,5,HIGH_SCHOOL,POOR,8,1,89.3
S1935,17,MALE,3.4,4.0,0.7,1,87.1,7.3,POOR,1,MASTER,GOOD,2,0,62.0
S1936,22,MALE,4.5,3.8,2.5,0,88.6,4.9,GOOD,5,BACHELOR,AVERAGE,2,1,66.1
S1937,21,FEMALE,1.9,3.2,1.2,0,75.9,6.0,GOOD,6,BACHELOR,GOOD,5,0,41.7
S1938,22,MALE,1.2,2.3,1.7,0,97.7,4.9,FAIR,1,HIGH_SCHOOL,POOR,1,0,28.0
S1939,18,FEMALE,4.7,3.2,1.9,0,75.2,5.4,GOOD,3,HIGH_SCHOOL,GOOD,6,0,71.0
S1941,21,MALE,2.1,3.5,0.9,0,88.8,5.6,FAIR,6,HIGH_SCHOOL,GOOD,6,0,63.4
S1942,24,FEMALE,2.2,4.5,3.3,0,76.8,6.1,POOR,3,HIGH_SCHOOL,GOOD,7,0,50.2
S1943,21,MALE,5.2,3.8,2.8,0,88.2,4.5,GOOD,2,HIGH_SCHOOL,POOR,3,0,72.0
S1944,21,FEMALE,1.7,1.6,1.7,0,61.0,6.7,FAIR,5,BACHELOR,GOOD,8,1,67.9
S1945,23,MALE,6.0,2.9,2.1,1,98.9,6.4,POOR,0,HIGH_SCHOOL,AVERAGE,7,0,100.0
S1946,21,FEMALE,2.1,0.9,1.5,0,91.7,5.6,FAIR,3,BACHELOR,GOOD,1,1,55.0
S1947,24,FEMALE,4.5,3.2,3.3,1,70.0,6.3,GOOD,0,HIGH_SCHOOL,GOOD,6,1,59.9
S1948,22,FEMALE,3.0,3.0,1.6,0,70.2,6.7,FAIR,2,MASTER,GOOD,7,0,63.2
S1949,21,FEMALE,4.4,0.3,2.1,0,100.0,5.5,FAIR,4,BACHELOR,GOOD,4,0,84.5
S1950,19,FEMALE,2.7,1.1,3.1,0,77.6,4.7,FAIR,5,HIGH_SCHOOL,AVERAGE,2,0,50.8
S1951,20,FEMALE,3.3,2.2,0.9,0,76.7,8.7,GOOD,5,BACHELOR,POOR,10,0,94.0
S1952,21,FEMALE,3.6,2.1,3.5,1,62.3,5.7,POOR,1,HIGH_SCHOOL,AVERAGE,9,0,65.6
S1953,20,FEMALE,2.0,1.0,0.1,0,81.5,6.4,FAIR,5,HIGH_SCHOOL,AVERAGE,7,0,61.7
S1954,19,MALE,4.6,3.0,3.6,0,82.7,7.7,GOOD,5,MASTER,GOOD,1,1,66.0
S1956,20,FEMALE,3.2,2.3,1.5,0,71.0,5.0,GOOD,6,HIGH_SCHOOL,GOOD,3,0,59.6
S1957,17,FEMALE,2.0,1.6,0.0,0,69.8,7.0,GOOD,5,HIGH_SCHOOL,AVERAGE,4,0,49.1
S1958,18,MALE,0.0,3.8,1.3,1,89.5,5.7,GOOD,5,HIGH_SCHOOL,AVERAGE,5,0,31.1
S1959,23,FEMALE,3.2,4.5,0.7,0,95.1,5.9,FAIR,2,MASTER,GOOD,1,0,45.7
S1960,17,MALE,7.1,1.9,1.1,1,69.3,5.6,GOOD,6,HIGH_SCHOOL,AVERAGE,6,0,100.0
S1961,17,FEMALE,4.7,1.8,1.6,0,95.8,5.1,GOOD,2,MASTER,GOOD,10,0,81.1
S1962,22,MALE,3.5,3.1,2.9,1,85.4,6.5,GOOD,0,MASTER,AVERAGE,6,0,55.1
S1963,23,FEMALE,3.1,2.1,2.0,0,95.9,4.7,POOR,0,HIGH_SCHOOL,GOOD,2,0,53.3
S1965,17,MALE,4.3,3.4,0.6,0,59.8,6.6,FAIR,5,MASTER,AVERAGE,6,1,77.3
S1967,22,MALE,5.2,4.1,3.8,0,95.6,5.9,FAIR,0,HIGH_SCHOOL,GOOD,6,0,76.1
S1968,22,FEMALE,4.6,2.6,1.0,0,76.1,6.1,GOOD,3,HIGH_SCHOOL,AVERAGE,4,0,74.6
S1969,19,FEMALE,4.6,2.0,3.6,1,81.1,6.8,FAIR,5,BACHELOR,AVERAGE,4,0,83.0
S1970,24,FEMALE,4.2,2.4,1.5,0,83.2,5.1,FAIR,3,BACHELOR,AVERAGE,9,1,85.9
S1972,17,FEMALE,4.5,0.4,3.0,0,100.0,5.5,FAIR,3,HIGH_SCHOOL,GOOD,8,0,91.9
S1973,19,MALE,4.4,4.3,3.2,0,76.0,5.4,GOOD,4,MASTER,GOOD,8,0,74.6
S1974,20,MALE,3.0,2.5,1.7,0,90.1,4.0,FAIR,3,BACHELOR,POOR,7,0,70.9
S1975,18,FEMALE,2.6,3.0,1.4,0,84.1,8.1,FAIR,6,BACHELOR,AVERAGE,3,0,66.7
S1976,24,FEMALE,3.7,3.6,1.7,0,97.6,5.7,GOOD,0,BACHELOR,GOOD,10,1,77.4
S1977,24,FEMALE,5.8,1.3,2.2,1,89.1,7.9,GOOD,5,HIGH_SCHOOL,AVERAGE,1,1,99.0
S1978,24,FEMALE,1.6,3.1,2.8,0,82.7,7.8,FAIR,0,BACHELOR,GOOD,5,1,43.5
S1979,22,MALE,1.3,2.2,1.8,0,76.1,5.0,GOOD,6,HIGH_SCHOOL,POOR,10,0,53.4
S1980,20,FEMALE,3.7,3.5,2.5,0,93.0,5.2,POOR,6,HIGH_SCHOOL,GOOD,10,1,81.0
S1981,24,MALE,3.6,0.0,3.6,0,66.3,9.6,FAIR,3,BACHELOR,AVERAGE,2,0,66.2
S1982,20,FEMALE,3.8,2.4,2.2,1,91.5,8.6,FAIR,2,HIGH_SCHOOL,GOOD,10,0,88.0
S1983,21,MALE,3.9,1.8,2.1,0,74.0,6.5,POOR,2,MASTER,AVERAGE,2,0,64.4
S1984,24,MALE,3.2,3.0,0.1,0,97.5,6.8,FAIR,6,HIGH_SCHOOL,AVERAGE,7,0,82.4
S1985,18,MALE,5.7,3.1,0.0,1,86.6,5.7,FAIR,2,MASTER,GOOD,3,1,80.9
S1986,20,MALE,1.1,1.7,2.2,0,91.4,7.0,POOR,5,MASTER,POOR,8,0,59.6
S1987,20,FEMALE,2.3,1.6,1.7,1,85.8,5.6,FAIR,1,HIGH_SCHOOL,AVERAGE,9,0,56.2
S1988,18,MALE,3.3,2.4,1.2,0,67.5,4.1,FAIR,4,BACHELOR,AVERAGE,8,1,72.5
S1989,24,MALE,1.0,1.4,2.1,1,76.4,4.9,FAIR,3,HIGH_SCHOOL,AVERAGE,6,0,47.6
S1990,18,MALE,3.2,3.5,1.7,0,91.7,6.5,GOOD,1,MASTER,GOOD,5,0,63.6
S1991,20,MALE,6.0,2.1,3.0,0,86.7,5.1,GOOD,2,HIGH_SCHOOL,GOOD,3,0,85.3
S1992,18,MALE,3.5,0.0,1.9,0,96.8,6.4,FAIR,3,BACHELOR,POOR,3,0,71.8
S1993,20,MALE,3.8,2.1,1.0,0,89.0,5.2,GOOD,1,HIGH_SCHOOL,GOOD,7,0,70.9
S1994,20,FEMALE,1.6,1.3,2.9,0,75.3,5.6,GOOD,0,HIGH_SCHOOL,AVERAGE,5,0,41.7
S1995,21,FEMALE,2.6,0.5,1.6,0,77.0,7.5,FAIR,2,HIGH_SCHOOL,GOOD,6,1,76.1
S1996,17,FEMALE,2.9,1.0,2.4,1,86.0,6.8,POOR,1,HIGH_SCHOOL,AVERAGE,6,1,65.9
S1997,20,MALE,3.0,2.6,1.3,0,61.9,6.5,GOOD,5,BACHELOR,GOOD,9,1,64.4
S1998,24,MALE,5.4,4.1,1.1,1,100.0,7.6,FAIR,0,BACHELOR,AVERAGE,1,0,69.7
S1999,19,FEMALE,4.3,2.9,1.9,0,89.4,7.1,GOOD,2,BACHELOR,AVERAGE,8,0,74.9
